avg_accuracy,accuracy_std,top_move_percentage,avg_think_time,think_time_std,think_time_cv,eval_consistency,total_moves,critical_accuracy,is_cheater
93.2515,21.81298117520849,0.6,17.449199972836354,10.279701071388189,0.5887841990115076,1851.6241787617164,40,95.94800000000001,0
99.72274999999999,0.4464918112350986,0.9,2.0665516408802658,0.6599761465117621,0.3178231321191672,134.9878142648439,40,99.759,1
99.73425,1.2083374683837302,0.95,2.022149467952873,0.529287557903523,0.26045700193338217,279.61427002211457,40,99.174,1
99.59475,1.3500759006441079,0.95,2.055684214625626,0.5627557474841242,0.2724306762377594,235.40513482080206,40,98.83899999999998,1
87.7608695652174,27.872472771074534,0.6086956521739131,20.337660598060758,10.330779477134618,0.507713377041447,3728.3515334393846,23,73.486,0
99.046,2.6010544015840957,0.875,2.1077584788380106,0.5952343143245943,0.2810680822542108,636.4114451359278,40,97.842,1
98.0985,2.6567268866031384,0.475,20.59137508234374,11.490036297876076,0.5577315228692442,584.7209158008632,40,97.391,0
98.002,3.143630226346603,0.475,16.504191620817107,9.997293327032496,0.6053758825488207,591.3860498861974,40,96.799,0
99.87,0.11291589790636099,0.95,2.04966222102109,0.6021174082931747,0.2923379387881725,28.46770099604111,40,99.884,1
99.17450000000001,2.6360585634617446,0.95,2.068217515302913,0.5894918067533137,0.2836526024887206,596.5060582257317,40,98.11600000000001,1
83.21333333333332,37.21433445446645,0.6666666666666666,1.7283243217231397,0.7499906890962302,0.43144462729071803,5773.634403235298,6,83.21333333333332,1
99.20250000000001,2.730200313163853,0.925,1.9554049163558578,0.6893784526376727,0.3507564506940784,679.6405502175396,40,99.876,1
99.22125,1.684823711104517,0.675,18.008709760071103,9.963572822804199,0.5529570627128455,305.2964532630538,40,98.627,0
98.595,2.797266522875501,0.55,21.88400093875477,10.5576779963247,0.4822178470649673,554.4204040031356,40,97.179,0
99.04625,2.780317146927666,0.825,2.133669443126917,0.7343062438588926,0.34254639688653604,1123.1962206132996,40,99.40799999999999,1
94.62652173913042,18.176475625449804,0.5652173913043478,16.994664617487754,9.972250072483758,0.5864420320426786,2983.8092171307476,23,90.231,0
98.7505,2.5792905516827696,0.575,21.708155309458057,12.337462145970015,0.5680713656466562,582.168908049889,40,99.609,0
97.6785,3.479112350873424,0.475,19.310502199478243,10.442455934961483,0.5404857403366815,1135.3791261072224,40,96.838,0
99.881,0.10141005867269924,0.975,1.9678768191411127,0.6197930374190775,0.313362809767001,17.836321790100108,40,99.90299999999999,1
99.836,0.18336848147923246,0.925,1.8432126681989645,0.5784225618420058,0.31211882573851757,42.6887280204037,40,99.75900000000001,1
95.02925,8.16392503257471,0.425,19.440392562319673,11.611582524017097,0.5969844817688496,1960.8056760870008,40,92.31899999999999,0
98.601,2.690802668350097,0.575,18.902339107516212,11.69865607900462,0.6185726690124382,1078.6643175705779,40,97.36699999999999,0
95.631,13.065649582014665,0.55,17.40890666526115,10.956601680902475,0.6290062798690707,2384.0500664572883,40,88.002,0
97.42825,3.6039297214984645,0.5,21.907794082969644,11.588420638740494,0.5287220326494817,522.6276279532111,40,98.361,0
99.21575,1.6471124544183378,0.85,1.9323967530078874,0.6856587383012185,0.3529962337712136,854.3859139756461,40,99.83800000000001,1
99.60425000000001,0.6296065735838542,0.85,2.196659106271609,0.6837756251987117,0.30986916975772716,254.1777318629624,40,99.55300000000001,1
98.3925,2.901323620349857,0.575,18.991375733585485,11.124697757475012,0.5854680162874619,676.0057132709753,40,98.17000000000002,0
93.215,21.49904556021034,0.575,19.156673642360925,10.317139202502082,0.5382853277002545,1606.8148112025854,40,96.888,0
99.52475,0.7657642832490957,0.875,2.1218774085177508,0.565038440854804,0.2650426514194657,287.1079936191258,40,99.44800000000001,1
97.2845,3.792003395304387,0.45,20.039753757981067,11.372679767930737,0.5672229148152851,523.0475546018736,40,95.34,0
98.54650000000001,2.3218425334203863,0.575,19.727645148632,10.502197982295485,0.5320897150196959,606.5645343860783,40,97.923,0
98.999,2.3976830482780653,0.575,16.660634394234698,11.505186354580822,0.6901468823861752,956.573489074415,40,99.135,0
99.34025,1.4609799579391904,0.85,2.118717639442422,0.5928720542256961,0.2785113644198429,803.0877096401115,40,99.877,1
99.28675,2.526823487602568,0.9,2.12306804173868,0.6772278125373127,0.3174900187362515,542.8671977334789,40,99.90700000000001,1
99.22774999999999,2.1222434915673545,0.9,2.2190149840155255,0.6104222939212057,0.27385293427751767,2463.7758409350067,40,98.97200000000001,1
94.87592592592591,16.76808879748789,0.5925925925925926,23.336642134213022,11.013101479968487,0.47172100453064664,2815.8353500858084,27,91.04400000000001,0
97.20475,4.21630702600036,0.45,19.99200355526048,9.775540436859684,0.48872806215898995,735.4063145635887,40,97.077,0
99.83975000000001,0.12973988399871506,0.975,1.8411206912726779,0.49888553129026797,0.26950459450986713,123.3783788797697,40,99.75,1
96.4085,4.12946882177357,0.35,19.23688585717601,11.676461207025827,0.6066675561788285,746.3270726531364,40,94.692,0
94.4705,16.059476011065865,0.55,18.42107099424191,9.09337259899048,0.49337190453182894,2375.07800924517,40,87.26700000000001,0
98.75775,2.4530170071770807,0.625,18.310495500287377,9.430692520414757,0.5147618698559122,488.9450064935728,40,97.52600000000002,0
99.87174999999999,0.09713103263118389,1.0,2.0245739013377553,0.5715311030459423,0.28090948314541647,43.45341614879088,40,99.828,1
99.5865,1.4096090770139074,0.925,1.9941064140164015,0.5464995978679198,0.272689910099478,526.648504697393,40,99.607,1
96.0715625,12.300029499297704,0.5625,16.539212133068983,9.446591162029137,0.5708181807128304,3709.3974913755787,32,91.242,0
99.6885,0.7253121741705433,0.95,2.001095205670317,0.6148970922146115,0.3057523534842601,420.70928130360994,40,99.65899999999999,1
99.47574999999999,1.9401854131757599,0.9,2.1727706666549325,0.6773343676629283,0.3103094511989821,150.09177192637844,40,99.936,1
99.35,1.993940821589246,0.9,2.0196697140770983,0.5716014127209746,0.28162287132558655,749.9926995478023,40,98.91100000000002,1
99.69200000000001,1.1615597272633034,0.9,2.0022998030921633,0.6412271597069229,0.3186538898038916,809.8426232145355,40,99.827,1
88.93187499999999,28.72410175243736,0.5625,21.726077062674925,10.101329007547251,0.4647264075490972,3101.9762361010985,32,69.388,0
98.80525,2.362815045131548,0.55,18.099914454561407,10.289184229640728,0.568152006209458,1838.44181237808,40,97.70500000000001,0
98.13575,3.0393970516370508,0.55,18.462864537691125,10.850399550957928,0.58736962688268,1000.7325054678697,40,98.525,0
99.52799999999999,1.6438372790516698,0.925,1.903167124908908,0.6536154559359829,0.3416405432782584,478.7740535732905,40,99.73999999999998,1
98.7595,2.347364426330092,0.525,18.99368135814948,11.521191773357783,0.606261047858344,1275.357475377002,40,99.14099999999999,0
98.7935,1.849285740495503,0.625,17.761585620012333,9.348556081693312,0.5260395038226658,635.5633323084332,40,97.611,0
99.66574999999999,0.7552578615943027,0.925,2.203417938989994,0.6366934142838999,0.28765169156188813,201.35659288933155,40,99.241,1
98.3135,2.941806885232272,0.6,18.958943320852786,11.137394530629654,0.5871383736165305,460.40823189860544,40,96.738,0
91.35142857142857,23.739748722085395,0.42857142857142855,18.563238709377796,10.23757421942995,0.5512002715100467,3801.2222175161996,14,88.13199999999999,0
98.81825,2.033001337308956,0.575,17.49520143012928,10.51057395861586,0.6004257649115343,873.2807896089322,40,99.078,0
99.40825,1.3770328382068442,0.925,1.9283498582363225,0.6741407608065217,0.34779106462231385,492.0077717882107,40,99.142,1
99.66975,1.091438242641333,0.925,2.1871261868120224,0.610669880757602,0.27794028600772785,168.3737731952337,40,99.146,1
98.16125,2.988090684283193,0.575,18.016886685424023,11.149453482847983,0.6184902405728817,987.0139053605071,40,95.65799999999999,0
94.345,18.938410968188435,0.625,17.62612837217717,10.869013084695963,0.616292468240533,1785.039472777843,40,82.33099999999999,0
99.78675000000001,0.4410180693577083,0.95,2.1643060090013106,0.5774408777643689,0.26557479737159706,95.34091461696809,40,99.529,1
99.47175,1.7973395442987385,0.875,2.0859912529363958,0.6565312762833984,0.3132318779306095,331.69266554296917,40,98.36,1
97.19449999999999,4.308278049290692,0.575,19.604207673600555,11.46860782190215,0.5847092073639124,853.1649840447039,40,99.31700000000001,0
98.48175,2.386588451639705,0.525,18.398878010459196,11.768365987719761,0.6392766566780137,548.3470069217119,40,97.02799999999999,0
99.2465,2.120620840697366,0.85,2.251296913217374,0.6662491846324426,0.29463144832427296,328.87112882556295,40,97.669,1
97.48599999999999,4.568965309564082,0.6,19.530777174850257,9.002090672009507,0.46068232555230954,1389.1723882855576,40,97.59300000000002,0
98.8915,2.372752146769653,0.8,2.3163373540418837,0.6172924860685348,0.26534951390262596,645.9332086214488,40,98.5,1
99.62925,1.024322672550012,0.95,1.976649100511916,0.6126520538844223,0.3083846330620517,308.2293423734995,40,99.8,1
99.117,2.0908971758553796,0.825,2.131890261187511,0.6851125662648312,0.3198635236732389,740.3956020263762,40,99.61600000000001,1
99.54325000000001,1.603164663252032,0.95,1.9038609881339021,0.5879687672048378,0.307216026059517,361.0943704559793,40,98.682,1
99.66100000000002,0.7260123965883779,0.875,2.0505542093097113,0.5947451186153682,0.2886335704871403,352.23592856919066,40,99.322,1
97.931,4.089193563528144,0.625,19.269801374412705,10.536825005653576,0.5465214501451027,724.5397741842748,40,98.833,0
99.173,2.556956393840145,0.9,2.100145821299025,0.6007884979182386,0.2847142087784188,937.6075268335894,40,98.589,1
99.74575,0.21490564790158456,0.975,1.9068626022053548,0.6324313306809073,0.32993044465121996,58.45698739244094,40,99.81400000000001,1
99.42175,1.1557657364275862,0.85,2.094569340137916,0.5805816151825536,0.2758671829479884,880.9212220028531,40,99.71099999999998,1
98.06224999999999,3.099568911558509,0.575,17.639058277395566,9.942921608076968,0.5633683934746587,770.3105802207314,40,99.011,0
97.90875,3.364609329104941,0.45,20.442756166617368,10.588272027778103,0.5176941406586607,1758.462845072366,40,97.06300000000002,0
99.84400000000001,0.3461343669732892,0.95,2.1564495496230283,0.5126289377550415,0.23662168262549257,191.30152737236574,40,99.87899999999999,1
97.2015,5.15603217115642,0.6,17.038549471549967,10.699139709835025,0.6275689159180011,706.6278564421305,40,94.123,0
98.17525,2.541059805966794,0.45,17.50289383681299,10.420622114045084,0.5950257114070095,716.5083351748254,40,99.32300000000001,0
98.50775000000002,3.3764067346070723,0.675,18.55390567187694,10.13576166671134,0.5459929524456878,674.3951136944869,40,99.597,0
99.5505,1.2550935224117767,0.9,2.069479364542292,0.5700849936551816,0.27414794461336783,377.308659289712,40,99.271,1
93.99296296296296,18.456209597377573,0.4444444444444444,21.630572834079445,11.787333596077229,0.5446867643685755,2761.7138309301017,27,87.841,0
97.0645,4.789464453360104,0.45,22.157192499767792,12.354351302945556,0.557325935752801,623.7248010942005,40,98.64099999999999,0
99.30350000000001,2.0023268339609297,0.9,2.045066184782469,0.6313477166916279,0.3072152718811131,933.553867955674,40,98.949,1
99.79075,0.33153723395721235,0.95,2.0570234444075104,0.6396000165572548,0.3094304606402707,95.26320118492765,40,99.66,1
97.08225,4.485780582852889,0.475,21.392570476525933,12.321454830675039,0.5756997667261067,1641.7590345419148,40,97.196,0
99.44475,1.9382711207413683,0.925,2.0716955696035404,0.6294662964668959,0.30238153246719834,778.7083520163374,40,99.858,1
94.27166666666666,19.510163519446873,0.5833333333333334,17.06036853232118,12.28847234702291,0.71987153199158,2913.492891976437,24,89.34299999999999,0
93.88075,19.63766589840809,0.475,21.464829478134533,12.04785671701469,0.5610222297355936,1758.5839671096173,40,98.40299999999999,0
94.82526315789471,15.974525235815157,0.47368421052631576,19.901024159713064,9.74786453745564,0.48957122743987047,2392.1677556830414,38,85.42999999999999,0
99.85499999999999,0.14881196188478904,0.975,2.1399057636521652,0.6203768467862515,0.2885600184318696,64.79023363902927,40,99.761,1
98.0635,3.420979063075365,0.6,19.691975748538727,10.357298149000307,0.5256984518300656,771.3226238092593,40,98.02799999999999,0
99.5235,1.33858983635765,0.925,2.0905860407833052,0.6640407232864304,0.3161216490988442,865.9077549023336,40,99.708,1
99.89925,0.10969018871348403,0.975,2.1673810212512685,0.6031928841636157,0.27702679424338,35.167803101700855,40,99.926,1
98.96825000000001,1.950576693570391,0.5,17.6455925087819,12.130136284127357,0.6870421526829995,594.6239436610335,40,98.474,0
98.168,2.7159926362197675,0.475,21.293533452293993,10.579506558796481,0.4966080665673452,1112.526880574128,40,98.07,0
99.68825000000001,0.4707488050967303,0.9,2.1691105802110684,0.6911943859198849,0.3171910559274766,125.41670293465698,40,99.717,1
99.70675,0.8394622906956581,0.925,2.011416848335556,0.54682150497049,0.27051397410719386,323.7344503987798,40,99.189,1
95.19300000000001,11.483035138847221,0.475,19.345278318004002,10.74218617909306,0.5550003468098329,4801.183303103518,40,93.104,0
98.97200000000001,2.9231406055816076,0.775,2.0579038087519694,0.7706998289570779,0.3726961697615008,795.8641592633758,40,99.025,1
99.70725,0.770587397703856,0.95,2.0451257963493856,0.5035840334917362,0.24503805771222165,460.03823482401987,40,99.837,1
97.11375000000001,4.532952507748124,0.4,23.634406476134274,12.007354867752394,0.5078306736044376,1018.3593226361706,40,95.183,0
98.62674999999999,2.3110780898749383,0.5,22.355837910697783,11.300001799913966,0.5052348964090932,886.2520490103252,40,98.692,0
94.42971428571427,17.182767195355815,0.6857142857142857,21.55179851564124,10.381146771975052,0.4814601511299912,4201.33204241372,35,88.926,0
99.60849999999999,0.5666019325770082,0.85,1.9784762219817291,0.5458681642994675,0.27451581178851187,129.85408878814712,40,99.833,1
99.56875,1.674785340722804,0.925,2.0662514971329857,0.5050941953070505,0.2432721642847773,586.9609527046922,40,99.83399999999999,1
98.901,2.740576399226996,0.825,2.053520920458472,0.6606476034790744,0.32015551523087643,476.36629748020584,40,98.329,1
99.70750000000001,0.34329833964061046,0.825,2.068772026662383,0.6539504562072807,0.3145849798918282,136.63244261521493,40,99.85100000000001,1
99.40074999999999,1.7796648385299965,0.925,1.9672154331444467,0.6741570262954075,0.3409628586720406,1071.6712403997785,40,99.717,1
99.55525,1.2041511273507157,0.875,2.0302613883211933,0.6940712302848452,0.3401874065047882,519.2387691370898,40,99.66999999999999,1
99.37,1.6467832279932897,0.875,2.1263240423462215,0.6778328479813254,0.31728934119792723,405.8920723234195,40,99.79,1
97.97075,3.8563683612305506,0.575,18.6205683908564,10.483777824985719,0.5627191615973991,903.6871084617728,40,95.47999999999999,0
99.28824999999999,1.680645541897518,0.875,2.183373506924833,0.5478180939775227,0.24976051376930236,399.0873807827053,40,99.718,1
99.63525,1.4992181087153393,0.925,1.9389745212303933,0.5410886875851555,0.2776273787527836,367.89528401435103,40,98.903,1
99.83225,0.22264868627503726,0.975,2.1052763192837327,0.6358206374885521,0.3005851442159819,57.910944561455736,40,99.676,1
97.46075,4.359270803414258,0.5,22.177072905016892,11.470943051108828,0.5170102023018567,558.9529938867847,40,97.654,0
97.98074999999999,3.2979200926493037,0.65,22.227602765224205,9.700334990914161,0.43621316080363753,702.8815151752108,40,94.712,0
97.13075,4.4207371486551885,0.45,16.85649284615227,11.2890286435964,0.6693168963203722,1253.2326948735417,40,96.53500000000001,0
97.09263157894736,15.040103527816015,0.8947368421052632,1.9328811461658602,0.5345234663972254,0.2751189734133094,2317.6490005799405,38,90.21700000000001,1
99.8745,0.12567716578599297,0.925,2.1514891804641048,0.6087277541580318,0.28162424298017014,46.94272440964627,40,99.87199999999999,1
99.625,1.362807763406124,0.95,2.1408377547380733,0.5809211411882201,0.27009063789609933,498.68021754928276,40,98.953,1
98.10900000000001,2.451115868334257,0.475,21.670553232307142,10.20158336556323,0.4705407309607489,1093.9529580265323,40,97.28800000000001,0
94.97999999999999,14.24849305315177,0.4857142857142857,20.00263732455491,9.020050523929557,0.45071773288282313,3455.4027774321353,35,89.559,0
98.24125,2.8451820570044375,0.55,22.767795327193813,11.803613438170231,0.518207019977838,1167.6500436239446,40,97.922,0
98.97375,3.0761442484870574,0.9,2.2247472984304864,0.6531842337423382,0.2922855010054535,1306.2917722985935,40,99.912,1
98.9785,1.4698478662773224,0.65,20.40791423209048,9.475525189301381,0.464078998549659,303.3192532217498,40,98.83500000000001,0
99.68175,1.0636655665668606,0.925,1.9949967794629628,0.5774121170435876,0.28798655586780897,278.00364655881765,40,99.027,1
99.5445,1.5557617908921653,0.925,1.9007281945433534,0.517378472700169,0.27077554734247156,746.2931394566078,40,99.797,1
91.455,27.548556677256247,0.5,20.97174889121951,10.516379636437208,0.5012155893657714,5772.961431319284,12,89.845,0
98.62899999999999,3.2634014463439827,0.775,2.08900711795995,0.6923666334178058,0.32985435232383836,1849.8564910554549,40,99.351,1
98.96575,1.5850644900129451,0.45,20.537042841321682,12.900997858928534,0.6278761356833128,422.8689446802638,40,98.05799999999999,0
93.36699999999999,20.169386232605095,0.475,19.562845985673928,12.83901258502711,0.6559604359235466,2792.9520292156826,40,81.18499999999999,0
98.40375,3.507488907680252,0.675,19.389317016597555,11.435462317121088,0.5894775732226656,825.7879778581183,40,97.199,0
97.0815,5.262394203212071,0.575,15.824048990620025,9.754497114277367,0.6160456570556185,1143.669510555825,40,99.542,0
97.8305,2.906533115242282,0.375,18.549701575585523,11.89314233708674,0.6408046103894067,344.72108199963634,40,96.402,0
91.3595,24.38589520091481,0.5,20.414372660399753,9.530805099184057,0.46663881714531524,3973.5376567990397,40,91.512,0
98.86,2.6689885724746,0.675,19.429081838845036,8.741036938045873,0.44966305561709685,758.2016943894282,40,97.03600000000002,0
99.83125,0.194476058937855,0.975,1.99591201762737,0.5638552957090033,0.2810967234624487,103.7675738128246,40,99.81099999999999,1
99.6075,1.280179186676615,0.95,1.8218558086828196,0.5756590539231744,0.3142491080327426,430.70999233823215,40,98.731,1
96.47354838709676,16.002014701459416,0.6774193548387096,19.92544985772706,9.527924059425688,0.4779387536987346,3642.4355106894805,31,90.52000000000001,0
97.33025,14.16108849762263,0.925,2.044772161093333,0.49890192716973236,0.24280157995924445,3174.447654317204,40,90.05199999999999,1
98.98724999999999,2.387833733219296,0.7,20.434741880004538,11.488006352210617,0.5619051793188042,611.4815430575153,40,98.837,0
99.33500000000001,2.2634166651326044,0.875,2.2199225803799436,0.6323483455547193,0.28357412545101773,493.634398492447,40,99.85600000000001,1
98.2115,3.374472217992023,0.55,18.730075827479304,9.445523908274955,0.5040280517128225,703.5750333120128,40,97.848,0
99.34525,1.4762486028782542,0.875,2.012114792688994,0.6842635568736127,0.3383900653650251,626.9735939415631,40,99.832,1
99.44325,2.076012268147758,0.925,2.0562023080388316,0.6972056989475975,0.33743341406358285,1233.6479755181379,40,99.71700000000001,1
98.5945,2.1546959762342337,0.55,17.500551454499686,10.512745737920142,0.6003663428440273,516.5457167569972,40,98.037,0
93.59625000000001,19.92082775482736,0.45,18.52609970342751,10.968835123089196,0.5917552936479377,2900.5020733486813,40,97.67999999999999,0
99.15875,2.674036450293825,0.875,1.9361694103399685,0.5869987250065579,0.30161748606665106,990.2921993028118,40,98.891,1
99.6335,1.391852273051993,0.975,2.0375973095089472,0.5820777205605044,0.2842735326215572,209.8006851752396,40,98.98,1
92.32725,20.321979847876534,0.45,20.783324262094585,10.885935446743408,0.5235303075895392,2765.3555963700223,40,85.14500000000001,0
99.24100000000001,2.1495857740504336,0.85,2.1219819949219656,0.6646735781232394,0.31176322300393894,532.8735491418203,40,98.554,1
99.6605,0.5189747103665061,0.975,1.9049269645108406,0.6013473314280608,0.3140314709504716,521.1762561744347,40,99.60500000000002,1
98.57175,2.0324122213517613,0.6,20.403996978764468,12.090697158223056,0.5922748578242824,279.39570504930816,40,98.862,0
96.8185,5.1089248135003915,0.375,21.985792174031097,11.12328629264628,0.505700645134244,847.8238433631127,40,95.80799999999999,0
99.86725000000001,0.11582287123016645,1.0,2.0868849203205997,0.5616639129938256,0.2678563365832928,35.22353616546754,40,99.79100000000001,1
99.77850000000001,0.38339633540241297,0.925,1.8523025570407043,0.5517891102747902,0.2962940195666228,103.65629503315272,40,99.50199999999998,1
99.46875,1.4800797064685394,0.875,1.9500359655349904,0.5838883768216242,0.29789676673726356,634.7308755488424,40,99.794,1
99.68575,1.2219490322840805,0.975,1.9955374433455844,0.5482776695649505,0.2733819163457394,380.91791766731063,40,99.821,1
93.13674999999999,18.800163880602213,0.475,20.391442191923772,11.872508455447571,0.5819445676319631,1802.5740178977394,40,80.55,0
96.054,16.58004001373769,0.5142857142857142,20.87014238942951,10.43984429609934,0.4999891332821786,2491.5425786497185,35,88.651,0
97.45899999999999,3.6994599605888427,0.5,20.401083777258595,10.272384915017257,0.5032748396468018,733.6475818640719,40,98.77799999999999,0
99.57425,1.1850482848812531,0.9,2.054693822366926,0.6209528971680739,0.3007481741075901,548.0065487747386,40,99.584,1
96.67425,4.694535060844684,0.525,18.509332806144293,11.771132434229163,0.635613202562231,1211.274357598228,40,95.76599999999999,0
99.07275,2.5405156833800486,0.825,2.07494650740447,0.6578898097099465,0.31554277645662343,725.4757249557011,40,97.70700000000002,1
97.09774999999999,4.871953657158491,0.625,20.25317866584886,11.00789240228063,0.5432460811705274,982.169995151043,40,97.369,0
98.02674999999999,3.061503215333932,0.625,18.77439914510439,10.16590286906766,0.5411886103217258,939.9817804085353,40,99.00000000000001,0
97.61925,4.840780095965937,0.5,19.243566625288782,10.225157072135177,0.5310785929244323,768.6826311944352,40,94.184,0
99.5545,1.4078546622432309,0.925,1.853677978061856,0.5848287888798958,0.3138035625060571,750.6253022480657,40,99.713,1
99.58000000000001,0.9922902801096071,0.925,1.9744894402819662,0.519461050755274,0.2617605517122159,340.41273110740144,40,99.05499999999999,1
98.02125000000001,3.410031662243036,0.575,18.49617529933345,8.356386145923684,0.4515458224490428,626.4692485469658,40,97.55600000000001,0
92.99075,19.45220095355536,0.575,18.787037888104077,10.317854923266657,0.5489085559484045,1811.11728482034,40,88.97699999999999,0
99.734,0.7418753264531708,0.975,2.018561992676502,0.5747259246639441,0.28331691451324387,187.87494344643196,40,99.26399999999998,1
99.5725,1.3242785771883503,0.925,2.0108056824678933,0.5472992708611046,0.270832210939114,497.1776285946503,40,99.831,1
99.772,0.33027412856595245,0.975,1.9382416880230857,0.6221796824490563,0.31935446524624606,252.77774822954652,40,99.84,1
88.04400000000001,27.919603041590687,0.525,20.749396173347655,10.411346351581873,0.501524527237872,2236.3644603183534,40,76.84299999999999,0
99.90725,0.05987434759560988,1.0,1.8968224822920434,0.5497465918348419,0.28830507136355665,61.89183609330071,40,99.91199999999999,1
99.1655,3.287673911749765,0.85,2.126516860165453,0.5329921854233451,0.24946781153979283,693.4648350853848,40,99.87799999999999,1
99.19225000000002,2.1015131304610013,0.875,2.102800608370066,0.5840886484545009,0.27645232879078924,313.37772735151424,40,99.185,1
99.60275,1.2629172330362737,0.925,2.097214606175308,0.6474511985540576,0.3072545134494923,468.02365792233195,40,99.894,1
99.666,0.843986966724014,0.925,2.1896306440097844,0.5835205296741721,0.26528114220597143,403.79288549329345,40,99.723,1
99.76575,0.34866092052307845,0.925,2.077417068005397,0.613405278172292,0.29385851422515347,105.19469746617459,40,99.82700000000001,1
99.54675,1.6077039334093826,0.875,1.9249880535428106,0.5883905312838931,0.30407967129646946,632.8019985548402,40,99.788,1
99.0895,2.4318305348029496,0.85,2.121214763771172,0.6485177312017806,0.30429487549824985,806.8445075570633,40,98.235,1
97.248,5.064248315396867,0.575,17.576617774868016,10.75173402968237,0.6113588279064681,728.5419960441538,40,98.90899999999999,0
99.845,0.1492983589996891,0.9,2.0964138184892462,0.716853275366491,0.34031929959547536,36.483480850927585,40,99.803,1
98.455,2.965582573458376,0.6,17.088512980547105,10.222113685846663,0.5978364140481872,657.4686679796991,40,97.677,0
94.89500000000001,17.181659698643784,0.55,20.765784140391922,10.7401405941543,0.5169547643341895,4972.082314282417,40,91.95899999999999,0
99.13525,3.0162808121095104,0.925,1.976181551843991,0.5807081818935745,0.2923741695991684,741.3646808420267,40,98.14200000000001,1
99.6925,0.5114965786786854,0.925,1.963120874036838,0.5909558333836662,0.2995031075691884,348.6271647476714,40,99.712,1
94.27250000000001,16.271940073328686,0.575,19.851637876101062,9.410173499940017,0.47378637948399044,2116.7875742206634,40,90.66900000000001,0
99.69275,0.5654731978617555,0.925,2.1926380954572777,0.6122916032320456,0.2779810285197719,117.23949846361506,40,99.77000000000001,1
96.404,4.604565017458218,0.45,17.45205547126097,10.118993039996427,0.5794846463894388,484.24391516569415,40,97.69200000000001,0
92.13525,21.423499012474597,0.625,17.916211627878408,10.352530616124906,0.5775079995164679,3619.049676278981,40,96.952,0
99.618,1.3451546379505965,0.95,2.069186240201001,0.5618497048783617,0.270225771032443,149.52935330563028,40,98.98600000000002,1
99.62100000000001,1.2035568121198097,0.925,2.2187797704898884,0.5405674123309611,0.24253962616151337,356.41229548796434,40,98.81700000000001,1
99.69149999999999,0.5029241990598577,0.925,1.9787025384397268,0.6043581373324619,0.3038956936247601,207.08309926210782,40,99.751,1
94.74366666666666,16.42473611829291,0.6,20.566560747922974,10.889437169102218,0.5292156110297204,2625.6721181865455,30,85.732,0
99.485,1.4084157766795986,0.825,2.1319415802055994,0.6668136761991835,0.31131272783601216,1187.4043287776915,40,99.69000000000001,1
99.91175000000001,0.05856139940267765,1.0,1.9385689247449278,0.5698777386364171,0.2924596258307955,17.594583683622638,40,99.94399999999999,1
99.14925,3.030848385765939,0.9,2.1958785484764896,0.6343526710911745,0.28757370687035155,475.2523007571873,40,98.03599999999999,1
99.52625,1.4462860842516596,0.925,1.9215372721474182,0.5518379981733322,0.28569886076276296,957.5408317011864,40,99.95500000000001,1
98.394,3.0503276873149217,0.65,19.9436699595151,12.439722345145546,0.6234302947971505,843.451427172899,40,96.884,0
97.24625,4.384914872320785,0.6,19.828988182579533,10.766355410350178,0.5426867192654529,733.0440232346214,40,97.739,0
99.8525,0.1520485119953494,0.975,2.055348071272423,0.6833463524447659,0.3308625611099871,45.252486119549275,40,99.80299999999998,1
97.58675000000001,4.674576658639796,0.6,18.856365240739397,11.068738116334089,0.5866916056746652,819.6964544878794,40,97.326,0
92.94166666666665,18.563288337169386,0.6,19.828468279651467,10.448303709806865,0.5266688719372454,2654.1527170748022,30,85.286,0
97.48525000000001,3.503486825649556,0.475,19.776655865132284,12.252634385831346,0.6192372510719577,663.4692037879377,40,98.08900000000001,0
98.4435,2.2197596153637904,0.475,20.479320824900544,11.58754462233735,0.5655406892870299,426.1075854464457,40,97.022,0
99.08,2.839035047335626,0.9,2.1443601174106623,0.6067681256104891,0.2816465644284982,1057.1639466043098,40,99.924,1
98.83875,3.008262112499507,0.6,19.628939777804213,10.23789514929145,0.5213058986443985,539.3409120166948,40,99.872,0
99.03800000000001,2.7830803078603386,0.825,2.1884191182256165,0.6682220346227161,0.30395570575371006,762.8509946247694,40,96.91900000000001,1
98.7765,3.7360390455668417,0.8,2.027373643775698,0.6830279081956538,0.3352492117890826,717.459049354038,40,96.555,1
99.1785,2.779077679734772,0.95,2.081751704677643,0.584097829481578,0.2792386056984677,847.4461454127926,40,99.94800000000001,1
99.837,0.30055947830670604,0.975,1.9215350354176657,0.5726194523999736,0.2964582272131311,90.93464686245832,40,99.869,1
99.13425,2.110832640807889,0.6,18.152979996325843,10.563468985541984,0.5815933832266978,1018.498129600639,40,98.958,0
99.35975,1.8980483232784133,0.825,2.0485808701784123,0.5966344540829711,0.28982803771574067,542.8055815621279,40,98.65299999999999,1
96.50162162162158,13.254652118246966,0.6216216216216216,16.958497252353336,11.413559863838723,0.6726323312016208,5592.671352935287,37,99.197,0
93.06525,21.729756324853255,0.5,19.25135384810188,8.823398151351942,0.4580881604135759,1728.0220193547882,40,88.64,0
97.5935,3.0409057450042734,0.5,18.993572146084613,11.405915399561707,0.6001984948872738,430.2204311454768,40,97.785,0
97.53975,3.3969740118964706,0.475,21.573097216494507,11.413106430361625,0.5287983608598749,692.8502719744,40,98.72,0
99.58775,1.8141988417756199,0.925,1.9993417596734264,0.5383346373201173,0.26791591561189254,784.5669502183991,40,99.887,1
99.55274999999999,1.132084333210207,0.9,2.0104921166129195,0.6400296771886608,0.316769202872013,145.54246588195488,40,99.029,1
99.3225,2.5358694268435817,0.9,2.0047976481632888,0.5871410138622931,0.2914143831751726,4020.0083979234423,40,99.064,1
97.94500000000001,3.5690664045377467,0.6,21.185995886165276,11.1316577213767,0.5251773863875102,754.5120923484261,40,99.91799999999999,0
98.66175000000001,1.9336867475110846,0.525,18.877921574718744,11.804806884248414,0.6249923707883775,588.4365386343713,40,97.598,0
99.37174999999999,1.597328844508857,0.875,1.999031259346704,0.6269669362622075,0.3120742563588007,399.7203991542088,40,98.926,1
86.87799999999999,29.693082773121226,0.5428571428571428,16.106684771317266,9.809500915629886,0.6086550090678559,3399.333252031543,35,55.577,0
97.98025,4.059269323104838,0.6,20.417524515388322,10.295455864754343,0.5039991927068128,833.9766629678555,40,99.12,0
99.11824999999999,2.9187247964650593,0.875,1.9796903012569458,0.5657126527799464,0.2843219632837176,719.2058797729618,40,99.705,1
99.66,1.3697682285700752,0.925,2.1236589837025983,0.6649986061927541,0.31167052058092404,194.09712613792098,40,99.017,1
96.6685,6.06420462632982,0.55,19.850478948423145,11.384820209102392,0.573239962574332,1204.9725616689368,40,96.643,0
99.7325,0.43173342469630593,0.9,1.9924129617757047,0.6133517936575547,0.30630634407881835,84.53075993388441,40,99.79899999999999,1
98.25375,3.510698425883375,0.625,19.15343881515195,11.173451889024673,0.5830609003322599,973.5489766827347,40,99.131,0
99.53225,1.5010754269856,0.9,1.9525777213778988,0.6850264530428491,0.3490442419584288,829.599677178698,40,99.86,1
95.82083333333333,15.623813443835592,0.5833333333333334,19.5605450289579,11.63438482215258,0.5944844563571202,2397.7178429011756,36,88.032,0
95.70805555555556,15.162505073635579,0.4722222222222222,24.583260340186442,9.421945159660277,0.38311086164791314,2467.554946415631,36,87.95599999999999,0
96.13866666666667,17.9182809319297,0.9,1.9831314002425142,0.5255623513390132,0.26368675506043676,2666.6579476940797,30,89.799,1
99.39125,1.6720140362748148,0.9,1.928428564933066,0.6439138801878003,0.33218344582640563,656.8086284261193,40,98.945,1
97.74175,4.218560114245145,0.575,16.958167435500947,11.110206071551241,0.6547675884141956,1583.710925129646,40,99.555,0
95.01975,6.818452715792637,0.5,19.301839682586277,11.123296128231528,0.575983247119721,1322.9103437119238,40,97.62199999999999,0
99.60274999999999,0.8395712819647895,0.85,2.2435491838970782,0.5829320756130719,0.25867288798419014,605.0873278916029,40,99.723,1
99.73025,0.6509473384998203,0.85,2.3052242807447425,0.61516336150971,0.26570357205818057,124.6181943979289,40,99.397,1
97.44200000000001,3.660170897649452,0.45,21.30512536276192,11.027586245681974,0.5173596710318886,490.8389858191788,40,95.91100000000002,0
97.84450000000001,4.1246945038390415,0.525,14.626575726305907,9.051473006186,0.6184146603305609,680.2749278784278,40,97.838,0
99.7485,0.43259420939259,0.95,1.8245209768791082,0.6397843016782911,0.34874733499460653,125.16599977629708,40,99.884,1
96.69325,3.817035752714401,0.3,20.952268109479157,12.240707261477125,0.5839400201136568,1235.3071237550603,40,97.723,0
92.47975,21.383601016608498,0.425,21.42032933251599,11.46875015848345,0.5351644382376358,1781.9925582055612,40,98.103,0
91.15525,23.093809017515927,0.5,19.464521714263984,11.031412004862068,0.5664535523243265,3266.2160105388007,40,72.641,0
92.225,21.422471262671824,0.375,19.29151376980684,11.8373141627596,0.613284237906593,1813.621417909482,40,94.896,0
97.78399999999999,3.0927575074680522,0.475,16.96061613496074,11.533462226205263,0.6796136412776119,977.0102196881055,40,98.357,0
99.60400000000001,1.5450741082550057,0.95,2.0459474868485374,0.5398986154441839,0.26260331010290955,359.3553872909101,40,98.87500000000001,1
95.6815,4.563844623779385,0.425,21.50918317052187,10.839810413889461,0.5037277822300622,925.7635821309888,40,97.874,0
96.77181818181818,17.110034527805595,0.8787878787878788,2.215654882291259,0.5371926936843102,0.24136387809204413,2473.1836191350126,33,89.87899999999999,1
99.3795,2.1887690033441176,0.925,2.145297792590969,0.5940719615573246,0.27563335498208213,302.34556388344777,40,97.995,1
99.37375,2.3978852010678082,0.9,2.0656108893599123,0.6343921563530178,0.30564117754684506,1091.906680708109,40,99.867,1
97.1585,4.690149544524139,0.45,17.2187076060331,10.350680592464041,0.6007810236932379,791.4881138557924,40,97.17999999999999,0
97.50399999999999,4.568096868500055,0.625,17.40583694886135,11.467131653686371,0.6584312707656633,1164.1610796513512,40,98.298,0
97.62075,4.142066143544789,0.525,22.287384763830865,10.726094160121598,0.4810471843998789,1063.8042932677984,40,96.03,0
95.11363636363636,18.736425278889378,0.6363636363636364,23.868593048652556,12.15593769041683,0.5090726101679921,5232.234199556463,22,89.865,0
92.8115,21.372974354310163,0.4,18.742150203760918,11.61866888364222,0.6195912872600597,1795.2306815559944,40,96.225,0
99.54575,1.5419012411629993,0.9,2.00723630157269,0.6129567243629752,0.3038596538665788,778.4078863295258,40,99.67800000000001,1
99.34375,1.7946624856780173,0.85,1.9847542878584332,0.7524457803848852,0.3772122636681786,906.2245441252405,40,99.276,1
98.69800000000001,3.3264261603107923,0.675,19.076719065710886,10.885411886155294,0.5703134126236936,1377.6143328232324,40,98.876,0
99.88924999999999,0.12422534966744748,0.925,2.1045167753055494,0.523793809931604,0.24771324401335873,33.9904030573337,40,99.905,1
99.676,0.6089285672392122,0.925,2.0245298531287736,0.5512870648457849,0.27096533579883125,255.59115301590546,40,99.72500000000001,1
99.64699999999999,1.4744036082430063,0.925,2.134464769970346,0.677233424964969,0.31580533961130725,595.3587468913177,40,99.852,1
99.624,1.4377061591298816,0.95,2.1038912664831124,0.6392405246785783,0.30239990808140516,421.4761788938967,40,98.965,1
99.553,1.4955119524764762,0.825,2.1924964361696793,0.5983190308861466,0.2716549371251979,415.47020876953377,40,98.655,1
93.30725,21.19778136828239,0.375,22.181171676092116,13.044891355493734,0.587841486961582,2736.0555568189766,40,96.65799999999999,0
99.49074999999999,1.4704206668501376,0.825,2.24358609194098,0.6731909416896406,0.29871986878914014,754.8941776004104,40,99.38200000000002,1
99.1155,3.1662477398333824,0.925,1.9213093347063286,0.628739276037064,0.32555078813030697,582.8099068306921,40,98.17299999999999,1
99.86975,0.17504981433866204,0.925,2.057333739799811,0.603835858778647,0.2920843631358327,57.37516884506747,40,99.88000000000001,1
99.35975,1.884057440074479,0.9,1.945762987691485,0.6162264635824465,0.3150823834281775,747.0399989291069,40,98.838,1
97.57750000000001,3.562922080259404,0.425,19.90243159880497,12.166524418462535,0.6110014418928474,993.0173198388839,40,95.56899999999999,0
99.53800000000001,1.9337660148011713,0.95,2.0567769125029223,0.6343539989686111,0.30692911031234205,638.5823317122076,40,98.56699999999998,1
97.5545,4.372429502004576,0.45,20.555577984251414,11.904594150368933,0.578860178862231,604.7267792152089,40,96.674,0
99.75649999999999,0.3319378706926946,0.875,2.0392508795237156,0.6109616682584909,0.298139029419614,84.46981339508214,40,99.78999999999999,1
98.0975,3.260197655050993,0.525,21.595179496762576,10.328218249095848,0.47804362146787427,993.6822316515477,40,96.725,0
82.22,33.184378478434695,0.4,19.962161970011323,11.515487044017908,0.5765768904392367,2677.1502048587035,40,56.791,0
98.10925,2.426029047126188,0.4,19.588152657919796,12.076466392705756,0.616204323106216,854.4385525009976,40,99.428,0
99.25450000000001,2.160328620835265,0.875,2.2027833964068586,0.6578894274725848,0.2973130711938967,339.9674901736929,40,99.262,1
98.46675,2.5302444422426875,0.6,19.672371552403327,12.257810863753793,0.6227811943859501,648.7968094866065,40,99.647,0
96.33225,4.803974649964341,0.35,19.874430322524812,10.902997724626744,0.5483183348871692,1068.0290445488831,40,93.93499999999999,0
99.49875,1.5012114899307163,0.9,1.9614999853869173,0.6068310414952205,0.3078016971814112,140.5188243617203,40,99.83099999999999,1
96.94550000000001,3.547036051409685,0.35,19.601306240357463,10.700988827358449,0.5456540577260088,866.9734295236503,40,97.71000000000001,0
98.5685,3.245916319007624,0.625,18.78877052248428,8.755042879974743,0.4657242275234579,598.1821628902019,40,99.69300000000001,0
97.99600000000001,3.827987591411446,0.525,18.61317687228483,10.96264065126707,0.5886557769626173,871.2383051582385,40,98.484,0
99.753,0.5500509067350029,0.925,2.075913391053092,0.6148269310824026,0.29475189800282253,227.92322035062597,40,99.639,1
99.06625,3.1636985377086737,0.9,2.0502030229758743,0.6216776188122306,0.3017555123835534,643.2268087541129,40,99.65799999999999,1
99.5605,1.2530761150065866,0.9,2.0494324920684788,0.5782969622769077,0.28080403922153846,366.98456966880775,40,99.115,1
99.27775,1.7681833721364975,0.875,2.031294032033111,0.613296795190153,0.3004451027465724,620.7045991250588,40,98.759,1
99.85150000000002,0.15616577730091843,0.925,2.1874629940606396,0.7117827322248066,0.3239111348626264,176.98275163133835,40,99.809,1
95.5971052631579,15.686460958736749,0.5526315789473685,17.52524277722941,10.610817982664656,0.6051138337499071,2336.0117628923,38,87.36800000000001,0
97.93325,2.7690633682709387,0.45,17.399659326781553,9.838058713820677,0.5650919715980103,751.4570908408543,40,97.737,0
99.59049999999999,0.5102104957760084,0.75,2.070633622783143,0.696118030010157,0.33457021091440425,99.52944287998402,40,99.48800000000001,1
99.443,1.6766457586502876,0.825,2.3366955830618856,0.6494014107354006,0.2767301457516209,1018.5561321670004,40,99.825,1
99.51575,1.676658712290608,0.925,2.0756891904685704,0.6318752012622387,0.30295750879366734,1136.0396975348176,40,99.81,1
99.4695,2.225361712171753,0.925,2.0125172101067514,0.5454045221919392,0.26966619590008434,797.1181025262191,40,99.815,1
99.285,1.776545805770288,0.85,2.136121567277187,0.5973592295420561,0.2783436123331698,323.09578204458194,40,98.365,1
97.65450000000001,3.8129030606612595,0.525,23.02472113815878,10.74801456296163,0.46660059388158687,504.6875215170274,40,94.619,0
99.82475000000001,0.19902245476327438,0.925,1.896710188415394,0.6618690275815103,0.3471261818407592,136.5762401554531,40,99.815,1
88.81775,25.71600313885305,0.55,20.06643598644748,11.17750771161085,0.5567476079497468,2322.9036429380794,40,62.395,0
97.31875,3.6823607831797247,0.5,20.476197527320558,12.172042843378618,0.5941582290781822,790.598693633502,40,95.187,0
99.63250000000001,1.2375575744182568,0.9,2.104105009311597,0.7115703310854419,0.33658230218050816,221.29877993337425,40,99.08000000000001,1
95.9105,4.880378033513387,0.4,21.476097849636563,11.38961573044841,0.5300923327332359,1140.247318567336,40,93.798,0
99.41125000000001,1.5458334119496822,0.9,1.8819034975603972,0.6566911199047419,0.3471060340823635,718.6628538473378,40,99.463,1
99.53625,0.9155536234978272,0.875,2.153850872077341,0.6803041377737036,0.3143951122290594,275.4528986505679,40,99.633,1
98.70675,3.07721415203752,0.5,18.57866278387828,10.153679157200436,0.5462296710232754,882.59971108085,40,97.17699999999999,0
99.27925,1.9298813273100495,0.85,2.1441754186918596,0.6971804606422166,0.3236414521272298,764.9658995667716,40,98.245,1
97.463,5.244153029803763,0.575,22.66928074597024,12.226966323240978,0.5391249599224403,725.0699207662665,40,97.30799999999999,0
99.59875,1.4706379355572186,0.975,1.9249405236404022,0.5028295150569154,0.2598682021041611,738.0204265465828,40,99.796,1
97.36775,4.7719259673113115,0.45,20.50306948075434,13.189050873286654,0.6429584263662155,706.098470469948,40,98.452,0
93.3965,21.02311341714162,0.55,19.21953223496086,10.951713819722627,0.5695257526759552,1619.7758633527044,40,97.34,0
97.223,3.205033697170749,0.4,18.766176669362984,10.843400549829056,0.5775084427876198,1075.5449769767883,40,96.95000000000002,0
99.38250000000001,2.038336024800621,0.875,1.9576473018228757,0.552809494470454,0.28094948416736987,1199.1796776859587,40,99.111,1
99.60749999999999,1.2902998682476872,0.85,1.886114174029999,0.5878528054526099,0.31003027850542786,814.3929760103533,40,99.877,1
98.68575000000001,2.3084203337997176,0.6,16.146454036032093,10.494061365903786,0.6495275103373518,953.2332476235813,40,98.72999999999999,0
99.06924999999998,1.852618940176313,0.825,1.919790432965756,0.747267950603491,0.38722751332903477,309.3574378853691,40,98.09399999999998,1
99.87025,0.09860242136986372,1.0,1.9144054295914017,0.5039941061489502,0.2618960113077422,73.20002988387368,40,99.78299999999999,1
97.826,3.755995740146678,0.45,18.272250264666866,12.243450678564399,0.669690574262987,1132.7199099402287,40,98.22999999999999,0
95.5925,7.370085735593583,0.525,19.577237688675545,12.195346166637908,0.6226169488762933,692.102202983779,40,89.71799999999999,0
98.26625,3.161810942719378,0.575,17.68665660707393,11.180482804233566,0.6317850344547208,887.2843625354839,40,99.092,0
99.74825,0.6157429963060888,0.975,2.0388376227599445,0.49617375225510496,0.2421732921844339,308.46073899282544,40,99.845,1
98.36725000000001,2.946550515009034,0.55,19.502896356602747,10.315918529529473,0.5286718250844799,857.1439023728745,40,98.688,0
98.04225,3.2433867233957776,0.475,16.729310057853144,10.677854996120846,0.6378909859018589,480.95187908979005,40,97.559,0
97.89375,3.400829080900715,0.525,18.846433724824383,11.268869452532526,0.5976140354523732,536.2741783593538,40,96.456,0
99.3935,2.0109047093286154,0.875,2.004795428475121,0.6707324276988611,0.3329034889693485,603.4344703445437,40,99.66,1
98.78925000000001,2.0335503282436846,0.7,18.546723722684135,10.24876599602782,0.5522939366446196,707.5086708832621,40,97.654,0
97.67075,4.3044914841941555,0.575,19.624699566522622,9.609441315177776,0.4894111714121655,801.1460853052956,40,99.33900000000001,0
96.89425,5.498728892889701,0.575,21.95456442605094,10.644400070666586,0.4846169431906357,850.8976344866637,40,99.04499999999999,0
98.2755,2.3256503929008763,0.45,17.444524785519366,10.332120331429348,0.5919450949475913,449.7413812403746,40,98.54400000000001,0
98.194,3.4843864596224092,0.55,18.393874709558283,10.23270020857132,0.5560079260514004,630.4071774456569,40,96.76299999999999,0
90.73475,25.7466354100395,0.625,18.800143442711416,10.239545302748812,0.5443629568235135,5953.763213086324,40,83.021,0
87.00775000000002,27.271859167235004,0.475,19.8560130533077,11.895423254330856,0.5987826154352729,2246.0778281261755,40,62.943999999999996,0
99.4385,1.3749355439437891,0.9,1.9411468428426482,0.6781911847398427,0.34758592733685706,393.4703856391228,40,98.937,1
98.6495,1.9709578255254476,0.5,18.04017615681294,10.68465033698957,0.5919416101075948,597.063266643494,40,98.56200000000001,0
97.52275,4.5008015883284616,0.525,20.339474162591454,11.986962518508626,0.5890551481936729,738.7875163908768,40,97.85700000000001,0
99.52225000000001,1.0626887773473468,0.875,2.2763460939946407,0.6753043094325794,0.29536399200731084,277.7165360128921,40,98.836,1
99.1585,2.1677125616649455,0.875,1.9970145848369019,0.7039723690328636,0.3507559807245104,387.81294137766986,40,99.25399999999999,1
99.53625,1.5807888655668099,0.9,2.0507713276916335,0.6288216934717659,0.3051389957837479,1250.4561965039,40,99.92099999999999,1
93.65950000000001,21.649657612766077,0.575,20.454576733797285,12.28083609778942,0.6001021305027822,1776.7361509239352,40,97.52099999999999,0
98.35725,2.5283710047182555,0.475,18.71500360536569,9.842141850847428,0.5256149509112585,421.39494242337554,40,97.083,0
97.57275,4.003106286060862,0.375,22.201274523025244,10.979213362913628,0.4943081204787263,1324.0849290642198,40,99.42800000000001,0
98.20575,2.700256365143873,0.6,17.50190089319208,10.755988022988271,0.6142101927478224,922.3935317964887,40,95.69,0
99.49775,1.4128437413599564,0.875,1.882048542403663,0.5733572038021704,0.30303514468702586,845.2291401596375,40,99.689,1
99.35499999999999,1.2464690128519045,0.8,2.0091970514700197,0.6669493179400069,0.3303042253624792,865.3667109237563,40,99.75,1
99.44825,1.4725265489966555,0.925,2.0334396758475797,0.467906768635547,0.2289799763437931,712.8249715042256,40,99.80999999999999,1
99.1025,1.9303623364539613,0.825,2.0790188933771834,0.6736401142899411,0.3224672196242851,511.34268353033076,40,98.38700000000001,1
99.58225,1.7545205719797061,0.975,2.0258801925190904,0.5320756653812277,0.2613492028344092,362.04079880588046,40,98.826,1
98.14525,3.231946772070975,0.425,20.267286778003818,10.869495022810748,0.5360428711104309,743.4380455021118,40,97.501,0
95.85275,13.838472998763267,0.475,18.586193392872524,13.081384028961525,0.7034441808921661,1641.612673371828,40,90.60400000000001,0
98.33824999999999,3.3246051551274465,0.575,16.931373420292832,10.46497909547445,0.617717279222428,645.8027001337173,40,97.578,0
98.70425,1.56733673392159,0.475,17.085409347215368,10.07584038791118,0.5893886588654521,825.4721221064949,40,98.43699999999998,0
99.60775,1.5866150880096908,0.975,1.8809155928100925,0.5148326020841497,0.272266305297666,581.1086984162257,40,99.72099999999999,1
99.182,3.166497434074438,0.925,2.0898928626363387,0.6012147481540638,0.2863073439848073,823.2819246770817,40,97.936,1
99.72175,0.8520882803442384,0.925,2.1483728020669117,0.5406690346859084,0.2504984468707863,509.7896324710812,40,99.872,1
98.75775000000002,2.0770273078368526,0.475,22.488971012217934,11.920315560703154,0.5298160326634447,989.8137548928081,40,97.801,0
99.67649999999999,0.9620149427113907,0.875,2.222577560907072,0.5252843895143959,0.23528158605203334,399.2416866698667,40,99.321,1
97.44649999999999,2.737938595001721,0.35,21.820097139201362,12.794289696390708,0.5860848724037687,411.3364430426752,40,98.515,0
99.56175,1.234740635720718,0.875,1.8069548176436523,0.6201463589879266,0.3413108311587921,588.7413645863521,40,99.751,1
98.99600000000001,2.5952406439480695,0.6,19.20152065862922,12.320343706282832,0.6412997661769639,698.4885467922863,40,98.27799999999999,0
99.70450000000001,1.046317232009489,0.9,2.146679521695135,0.6071215147913884,0.2815075251951181,344.476449666737,40,99.199,1
97.12925,4.542306896005596,0.6,20.50940156112157,10.506291487308342,0.5120174414450164,776.1030134589093,40,95.12,0
99.60625,0.6635084306171248,0.925,1.9920408887532937,0.6255034539532176,0.3124329065740159,332.56984228880407,40,99.45,1
99.32425,2.145095437853523,0.925,2.1217379539102166,0.57175609359098,0.2682112463880544,652.2848668335024,40,98.268,1
99.48825,1.7048092085333184,0.85,2.2231937141479907,0.6831911236937679,0.30592559855669277,566.6924540701067,40,99.07000000000001,1
97.59025,4.286540264304069,0.625,20.34290265748216,11.329332385079956,0.5566445521673564,626.6830493758388,40,98.26899999999999,0
97.418,4.111133785222758,0.575,19.18950873703435,11.219544051227116,0.5843662046198866,657.3986380994411,40,93.89500000000001,0
99.373,1.3020103686223101,0.85,2.244464947236266,0.557809964770682,0.2474245454357131,412.8041295517766,40,98.913,1
97.48499999999999,3.775221847785902,0.575,16.994958560575622,11.16615615289407,0.6566411857528274,607.756073087715,40,94.333,0
99.7125,0.42755555194617706,0.875,2.1353526836002112,0.6574935113448946,0.3064733907720598,256.1927875155739,40,99.582,1
99.30675,1.6050629076456782,0.825,1.9159912175444371,0.6657819098351603,0.34568273404901917,487.373916387613,40,98.854,1
96.55475,5.247951022780224,0.425,20.544186160038173,13.255725198348681,0.6449160815776158,693.8051306923292,40,97.115,0
99.4625,1.317495256158443,0.625,17.374132236821794,9.672826509435902,0.5564169886459808,806.7790574252656,40,99.431,0
98.67325,3.7891017322711202,0.825,2.0494938805392326,0.712945299101386,0.346175002430557,788.3226809974453,40,99.29199999999999,1
95.85400000000001,13.020878004190038,0.425,19.770569879940812,10.087842100503329,0.5099874352322509,3659.4230279512644,40,89.21700000000001,0
99.662,0.9425104773953433,0.95,1.9503447318661131,0.562737146583635,0.2870602998728433,432.0766020047834,40,99.634,1
99.63525,1.3021328417254527,0.975,1.9335351684596382,0.5666178586555095,0.291539802238097,583.2721872119397,40,99.742,1
99.91650000000001,0.07669908734789542,0.975,2.085128906532069,0.5724738060649878,0.27324037403147977,34.14087542814332,40,99.91799999999999,1
99.07,3.065388229898458,0.9,2.034174490997014,0.6211095604534429,0.3038437096191855,831.627205768907,40,99.78900000000002,1
95.98499999999999,5.589879247354096,0.525,22.489970432978456,11.03727615862684,0.4905462516719302,482.8897156701517,40,98.28299999999999,0
99.76,0.3750000000000006,0.95,2.0666521890816005,0.6014035267105406,0.28960243312410994,248.71109620400935,40,99.739,1
97.65425,4.0884195525288245,0.5,19.641533419871376,11.6619277527265,0.5934360186332385,652.0761439433281,40,96.648,0
99.47874999999999,1.776121036838424,0.95,2.0246112082618892,0.5056274119350916,0.24851303771546351,224.243567354785,40,98.20100000000001,1
99.85,0.14319567032560698,0.975,1.9186122312498817,0.6045626911138393,0.3134703188738145,41.617296584473145,40,99.747,1
97.527,3.8959300558403256,0.475,22.372575959702026,12.171557529184874,0.5437961006409072,783.9473352049869,40,94.659,0
98.46675,2.7983909550847246,0.625,17.926617822998814,10.227152314986903,0.5701828748267899,1273.5055592242227,40,97.828,0
98.93325,2.798451703621129,0.875,2.1530369777736458,0.6248223511238042,0.2888634625964262,859.3556874193596,40,98.11,1
99.5875,1.032978097541278,0.9,1.990672046175368,0.5659974302860398,0.28290365298402714,863.589007789585,40,99.84700000000001,1
95.72923076923075,15.982462405289404,0.5128205128205128,19.785958025216136,11.23156737594571,0.5673666998909026,2410.8282911293504,39,88.819,0
98.20075,3.140650718800166,0.65,18.11042329810195,10.935367975255943,0.6034830310173485,767.9842185878562,40,97.40200000000002,0
97.64175,2.8713549828434664,0.425,21.98208524694966,13.394199781949878,0.6090463742544685,646.2009357583754,40,96.369,0
99.8385,0.3238483441365729,0.95,2.133724849091539,0.5840691176377851,0.27245526303681195,101.34000937438283,40,99.928,1
98.62325,2.4654739782646247,0.5,19.965374683285525,10.241463269132002,0.5127044389160613,896.2730108622037,40,99.269,0
99.70250000000001,1.2570953623333443,0.925,1.9682564766460633,0.6657958344071364,0.33655688343097295,657.8659722922291,40,99.912,1
98.579,2.6993617764204934,0.65,17.64330830850099,11.439723572222327,0.6480215137189612,643.522522915865,40,98.082,0
99.65725,0.42969749533828994,0.95,1.963044800390587,0.6440341164510475,0.3264163673949793,492.1363829011222,40,99.345,1
99.35600000000001,1.9792066592450608,0.925,1.898475513114348,0.6181026955249224,0.32387247899045385,856.4819554433124,40,98.88499999999999,1
98.80350000000001,2.054967822132504,0.575,20.070201278800585,11.674813364753655,0.581409180249562,1076.6267920570249,40,98.83900000000001,0
98.99875,2.253541865042671,0.9,1.9927852170525289,0.6220719844580354,0.3106034432256945,495.0593676520019,40,98.83500000000001,1
99.4905,1.3620535048227727,0.875,2.0703376091099885,0.6096149286221294,0.29303653693158743,558.3034339631093,40,99.451,1
97.099,3.853966657873417,0.6,16.70198633465355,10.013342737557013,0.5991713095644171,1255.780318915295,40,95.808,0
93.53775,19.11730714398605,0.5,17.402928682712666,11.130806236721623,0.6392265448012858,1937.4599970063898,40,96.722,0
99.46849999999999,1.367008686878032,0.875,1.9287302384363052,0.5758997818531552,0.29704998170227676,1003.3885012172503,40,99.487,1
98.34775,3.5975849451402815,0.5,16.146462339203964,10.442639067382927,0.6463444068472628,745.8739332990529,40,98.58399999999999,0
99.57124999999999,1.2576907161540158,0.9,2.055027024668974,0.8412861444191297,0.40739715963474565,595.5901590019768,40,99.855,1
99.0325,1.506843970024766,0.5,21.441921049480648,11.051680982978391,0.5151837431009916,809.7701367517822,40,99.53200000000001,0
97.6215,2.702145952756809,0.5,18.615032397070454,10.414441741818578,0.5591636846471565,1051.371710849688,40,98.857,0
95.468,14.06671553703991,0.525,20.854653064235144,11.77474162964175,0.5643392005317002,709.7231568541356,40,98.26400000000001,0
97.94425000000001,3.717261012829205,0.575,18.578694958573447,10.494504542090548,0.564563815021898,798.7955742084454,40,99.016,0
99.74449999999999,0.3488907422102225,0.875,2.123186342170637,0.6438734436590202,0.30183647388434093,308.65702648732946,40,99.874,1
99.56475,1.5218081145466407,0.9,1.887819653212879,0.57289319798867,0.3018691460059447,824.1466859728309,40,99.924,1
98.4245,3.0458684722095275,0.375,24.596900243982265,12.167701079683445,0.49448329367121785,1341.0391269459665,40,99.22200000000001,0
98.43775,2.4034407497377592,0.5,20.058309821407807,12.873838318083337,0.6415008753926157,875.1462131409813,40,98.194,0
96.8145,4.508207487461065,0.475,23.195676141278362,11.539856262359738,0.4972859309120749,1609.1502600363337,40,96.40400000000001,0
88.54151515151514,28.24494056289171,0.5757575757575758,18.30921744367444,11.830397980023246,0.645791667487862,3028.133229537802,33,69.398,0
97.56325,3.616221361794656,0.45,23.65397404662527,10.73417641566815,0.453608358195396,615.9860585881794,40,96.001,0
99.876,0.12619033243477876,0.925,2.1861785381269767,0.5286219166752756,0.24070079344556106,41.40983427882802,40,99.78200000000001,1
97.56700000000001,3.3040839880366253,0.45,20.575213410281194,10.84584056805515,0.5268753037380823,706.1236608236549,40,99.35,0
99.27975,2.7372326239287745,0.925,2.219020163523159,0.6391399815385658,0.28673584564096083,413.6938111393498,40,98.181,1
99.643,1.3527253971150235,0.95,2.014066073926972,0.6493215440329808,0.32080056693663467,579.2083687024904,40,99.85499999999999,1
99.77250000000001,0.5234393470116664,0.95,2.1831465517889135,0.6473285433265082,0.29515972965805365,236.32619274003463,40,99.87499999999999,1
96.7375,5.3753766147126845,0.425,22.720845803385895,11.18108688094877,0.49189049002669666,1040.1504446473116,40,94.85499999999999,0
98.22800000000001,2.8542969361998765,0.525,17.412665889470066,11.321524557406194,0.6498158564958024,890.107520190679,40,98.79,0
98.418,4.3459775655196395,0.55,18.934555592658825,10.633876217177205,0.56131568593237,914.1573165352887,40,99.28600000000002,0
94.52000000000001,7.039631737527184,0.45,21.25241696840423,11.933214820314731,0.5612351050234499,1252.166771790004,40,96.194,0
96.949,13.227278026865543,0.575,17.614260662081303,11.572012331682815,0.6565956185940931,1238.5025787215786,40,90.263,0
97.42975,3.3960775075813574,0.4,18.149331079889006,9.21135200179529,0.5072517242662439,514.2722528000126,40,98.69399999999999,0
97.3255,3.3845604958398945,0.475,20.373173082737743,10.381115459545697,0.5092983029387772,771.6749311562479,40,95.86100000000002,0
96.65175,6.107289450934841,0.425,17.884948210876356,13.031029434751796,0.728195984765783,949.0198282306856,40,98.14500000000001,0
97.8445,3.4225538344925996,0.45,19.545683774850968,11.348071713085654,0.5802953168878461,801.8441209954713,40,97.77999999999999,0
93.24266666666668,24.45939259716443,0.7333333333333333,1.9791292935875495,0.7218882037413404,0.3629166822229835,3652.744287062354,15,89.97600000000001,1
99.41675000000001,1.0867805378732178,0.9,1.9980410676497093,0.6423581991037117,0.31989295908950366,450.7967252542991,40,99.505,1
93.76825,19.349590162003434,0.525,21.307421322194113,10.707225218290349,0.502275817344886,3590.796812599538,40,80.929,0
96.736,12.715993630070754,0.55,19.657925218596198,11.38931208148494,0.5790805056913804,1722.1209568436243,40,89.889,0
99.43875,1.7705086663159835,0.875,2.083295016600607,0.7268942427181813,0.3472488287382524,1008.8323250173935,40,99.962,1
96.4805,8.72346030827217,0.55,17.926045619306244,10.83483650027935,0.6040816760979243,1615.2592498961274,40,90.84400000000001,0
97.97574999999999,3.3449715152000907,0.45,21.586645953095193,11.180284769065233,0.5176861626266969,889.8714229454724,40,98.229,0
98.23875000000001,2.3849582674545897,0.575,19.24462722070945,11.869606870328857,0.6164547739237671,939.4881182723921,40,97.37800000000001,0
99.89200000000001,0.08385105843100593,1.0,2.1556848211983257,0.5729171697391482,0.2645431893557528,60.5569979440857,40,99.923,1
97.888,2.851079795445928,0.5,19.835183302119994,12.443077731510273,0.6270074477055105,483.9826856407159,40,98.251,0
99.60425000000001,1.2772957517740353,0.875,2.1349276117055256,0.5629252105242215,0.26244485242866317,622.9391442990238,40,99.713,1
99.29275,1.693081491689045,0.9,1.8946095103466767,0.6790662423868216,0.35653830283731913,466.18634686142406,40,99.662,1
99.1125,2.884512740481483,0.9,2.2273036550958887,0.5681124914300614,0.2539273067096083,542.9799627978919,40,98.39899999999999,1
98.39975,2.9959927298810323,0.475,22.150436693980144,10.874808135557268,0.4907307687899217,393.07933041562995,40,96.338,0
97.53075,3.5063209974986593,0.5,18.028937877866696,10.732417135119622,0.5949583732581072,420.62915302556,40,98.076,0
98.91650000000001,2.828241989292996,0.575,20.265618252337333,11.229458185442573,0.5538404819861935,792.1211965349747,40,99.742,0
99.14500000000001,1.6349633023404533,0.675,17.19020778098138,11.284527360402745,0.656069246609932,387.60327655993825,40,98.33399999999999,0
98.9405,2.2175357381562075,0.55,19.15167746741613,11.055933511936985,0.5769815054416438,633.0572244078729,40,99.52699999999999,0
99.598,1.6241724046418222,0.95,2.1102300509022642,0.7154788375150212,0.3374533990830613,393.46833100009457,40,98.78699999999999,1
99.26849999999999,1.9314367061853204,0.875,1.9451072096143498,0.6154474614753886,0.31478962301856955,482.4941735399506,40,99.831,1
99.45675,1.2848781800233042,0.9,1.9427385389905854,0.5831449503914585,0.2986293037945056,626.8900018145129,40,99.657,1
98.9195,1.845799217141453,0.6,19.1838176308174,10.340805979935219,0.538757123717385,679.5459656086555,40,98.01200000000001,0
99.71849999999999,0.4004219649319944,0.925,1.912934342787043,0.5526240812587407,0.28738582954308467,60.297465742765674,40,99.68299999999999,1
88.4,27.552828892874142,0.45,20.053325938133106,12.814401210424956,0.638697753799106,2278.2476264664474,40,95.35900000000001,0
98.37674999999999,2.738051668157488,0.55,18.373655726294142,11.86426736295667,0.6453704061693892,416.13587850003995,40,96.58,0
99.03099999999999,1.5990775465874065,0.5,22.05957085548554,11.109138949611255,0.5033690515486396,544.4873684255678,40,98.33900000000001,0
96.666,5.646307997266887,0.475,19.547320855609293,11.03093540189128,0.5640310083028303,675.0073698671741,40,92.78599999999997,0
98.75025000000001,3.1174568862295433,0.875,2.047418081906012,0.6326304327212592,0.3074875438710951,850.5016446192212,40,97.608,1
96.71675,5.040416345650428,0.4,20.886917065427753,11.64857856663922,0.5574304826959783,759.3034303722064,40,94.10900000000001,0
98.124,3.0534454309844796,0.55,18.041979359886007,11.009234234361818,0.6098629970088408,713.3284499443437,40,96.66,0
98.71399999999998,2.4130652705635622,0.575,18.01521734196806,9.974653552807878,0.5533721654264839,892.5437300211122,40,97.69,0
94.28625000000001,17.313064097308136,0.475,18.47044974975737,11.151485079792101,0.6034206543019066,3003.4525706884406,40,83.20700000000001,0
99.58425,1.474937096116306,0.95,2.0652403372051547,0.5659363211064911,0.2727088091727583,189.8457120268983,40,98.923,1
99.51275,0.7475359105086521,0.875,2.098135841708089,0.6879391058895055,0.3263257956527659,295.6242716692931,40,99.618,1
99.46825,1.551629607058334,0.925,2.0613308003220125,0.5788362270206213,0.27945136862283637,875.8914187843149,40,99.172,1
99.832,0.30671811162694623,0.95,2.1980020531220132,0.5710195237401454,0.2586136742639121,187.10790837107874,40,99.804,1
99.6105,1.2259423926106814,0.95,2.0756169690568775,0.5372581889466653,0.25760156199228434,396.37629769576284,40,98.974,1
99.6785,0.5164520790935,0.925,2.119356956419993,0.6858446043120106,0.32209001043446234,305.219965762399,40,99.694,1
99.8835,0.17147230097015656,0.95,2.140067615384018,0.5778130428009544,0.2687418008004147,46.861391357918514,40,99.924,1
98.99974999999999,1.69336423651263,0.575,18.079733985553354,11.320937169718457,0.6258210971349536,249.11918708722538,40,99.343,0
99.50375,1.5093801500947335,0.9,2.0693494183580974,0.6303305341026604,0.30313834151086744,326.2090587338126,40,98.36500000000001,1
98.18325,2.566743449879634,0.475,18.402101367279364,11.613628746214216,0.6307606347884389,883.6337632186766,40,97.36699999999999,0
98.7495,2.1248234632552427,0.6,20.681334525347648,11.165081604494743,0.5396018120927437,858.907531402537,40,98.518,0
99.83975000000001,0.12017669283184743,0.95,2.0254171611577627,0.6189536122132122,0.30409177245078656,81.59005760507833,40,99.87500000000001,1
99.2975,1.8046658277919474,0.9,2.1016634216595103,0.5665670071497774,0.26830365167973824,1050.8916678230921,40,98.67699999999999,1
99.14675,2.963633232621743,0.9,2.0495257690265474,0.6044014191773568,0.2934663058200201,793.3588843486912,40,99.87400000000001,1
98.3445,2.8209359705601273,0.55,20.798479922371957,9.993030161329859,0.48023835468087156,468.9461562908902,40,96.448,0
99.43125,2.1943053428135295,0.9,1.882560150117571,0.5873636735959873,0.31035403210804086,596.1424488953961,40,99.884,1
96.9325,4.022569918596817,0.5,17.65733833570018,11.17961377970812,0.6327842693269538,1373.634822059706,40,96.799,0
98.32199999999999,2.4715796568186916,0.575,19.036451606859835,11.915790278195853,0.6256173340919954,1004.5146079077198,40,97.541,0
99.48225,1.3420795198124442,0.9,2.185652310127905,0.5192971390385314,0.2365115536021641,308.0196817980955,40,99.64200000000001,1
97.9435,2.828976449177334,0.5,17.42430590743059,10.729333629941602,0.615415014908549,913.5133520507513,40,97.50899999999999,0
96.70026315789472,15.93494066952476,0.6052631578947368,20.238658566271532,11.145309166983795,0.5504220998396747,2347.58463719817,38,89.831,0
99.559,1.3573849859196172,0.875,2.1048989202813018,0.6723261428253706,0.3178998941168994,582.2675738009116,40,98.703,1
98.91199999999999,2.624631593195509,0.825,2.1270522853694396,0.6006613121893287,0.28107001232564155,567.970762891894,40,98.25300000000001,1
94.65025,19.07754615870448,0.9,2.1503467914428747,0.6991706951488202,0.3236381760179582,2976.769912169901,40,79.802,1
99.6575,0.9927354884358663,0.925,1.9629935980307436,0.622015278961449,0.31526472239052683,276.1874804820088,40,99.763,1
98.123,2.859560455734413,0.45,22.135509553324184,10.18218851433999,0.4597856955976692,676.8638544788753,40,99.72200000000001,0
93.75699999999999,19.350464232157325,0.525,17.665733249679544,11.403460780327523,0.6451478204183843,1878.3956104545707,40,99.527,0
92.45975000000001,20.723699656130417,0.625,17.728099477687387,10.92188513911927,0.6157302902071229,3262.521350121712,40,74.503,0
98.74575,1.92278559322146,0.55,18.354413491394418,10.090021570909913,0.5494333688161676,642.3645727894714,40,99.648,0
99.075,1.2864252796023565,0.5,23.129728207781632,10.956582558807975,0.47349659686682916,825.8724474003235,40,99.36,0
97.66725,3.3258765667865666,0.45,16.451985956588935,9.377271284197427,0.5696318359720237,896.0025055768539,40,97.99,0
97.44300000000001,3.9364763431271874,0.55,17.684832269310604,10.24438714828937,0.5789479658451995,724.800679066321,40,96.264,0
98.059,2.9832698503487753,0.525,22.195938295669226,10.935529240026305,0.49245967877696195,418.9097635529638,40,96.29400000000001,0
