avg_centipawn_loss,std_centipawn_loss,median_centipawn_loss,max_centipawn_loss,cp_loss_q25,cp_loss_q75,top1_move_rate,blunder_rate,mistake_rate,cp_loss_variance,player_elo,opponent_elo,elo_diff,player_rd,game_length,time_base,won,is_computer
26.485714285714284,39.96167551797699,9.0,180.0,3.0,29.0,0.37142857142857144,0.0,0.08571428571428572,1596.9355102040815,2127,1901,226,34.9,262,300,0.5,1
29.457142857142856,31.842777029957542,21.0,130.0,5.0,46.0,0.2857142857142857,0.0,0.05714285714285714,1013.9624489795917,1901,2127,-226,27.3,262,300,0.5,0
34.2,50.32908843658051,15.0,209.0,0.0,43.0,0.5142857142857142,0.02857142857142857,0.08571428571428572,2533.0171428571425,2192,1881,311,32.3,253,300,1.0,1
32.885714285714286,52.39180493636191,13.0,227.0,0.0,39.0,0.42857142857142855,0.05714285714285714,0.0,2744.901224489796,1881,2192,-311,23.2,253,300,0.0,0
14.838709677419354,22.105460972046714,7.0,114.0,0.5,20.5,0.6451612903225806,0.0,0.03225806451612903,488.6514047866805,2255,2014,241,18.6,61,300,1.0,1
27.533333333333335,50.23460515974576,7.5,257.0,0.0,32.5,0.6333333333333333,0.03333333333333333,0.03333333333333333,2523.5155555555552,2014,2255,-241,22.6,61,300,0.0,0
23.818181818181817,32.1100895551487,5.0,107.0,0.25,43.25,0.5,0.0,0.045454545454545456,1031.0578512396694,2120,1992,128,48.4,43,900,1.0,1
59.38095238095238,138.9163764182906,21.0,662.0,0.0,48.0,0.3333333333333333,0.047619047619047616,0.047619047619047616,19297.759637188206,1992,2120,-128,36.1,43,900,0.0,0
30.8,52.55625557438429,8.0,239.0,0.0,40.5,0.5714285714285714,0.02857142857142857,0.05714285714285714,2762.1599999999994,2066,1955,111,18.8,106,300,0.0,1
23.457142857142856,44.38039648129267,2.0,176.0,0.0,14.0,0.7142857142857143,0.0,0.11428571428571428,1969.6195918367348,1955,2066,-111,20.7,106,300,1.0,0
32.68571428571428,48.79096604236218,15.0,212.0,0.0,39.0,0.37142857142857144,0.02857142857142857,0.05714285714285714,2380.558367346939,2048,2017,31,19.9,89,300,0.0,1
28.314285714285713,33.99644639292375,15.0,117.0,2.0,47.5,0.5714285714285714,0.0,0.05714285714285714,1155.7583673469385,2017,2048,-31,26.5,89,300,1.0,0
19.3125,26.710762695026137,1.5,82.0,0.0,42.0,0.625,0.0,0.0,713.46484375,2113,1889,224,36.1,31,300,1.0,1
686.0666666666667,2477.4294599218942,9.0,9955.0,0.0,50.0,0.4666666666666667,0.06666666666666667,0.0,6137656.728888888,1889,2113,-224,28.0,31,300,0.0,0
56.93939393939394,76.70760674774063,28.0,397.0,1.0,87.0,0.21212121212121213,0.030303030303030304,0.18181818181818182,5884.056932966024,2102,2022,80,27.8,67,900,0.0,1
43.38235294117647,53.572389017589124,20.5,219.0,0.0,70.5,0.3235294117647059,0.029411764705882353,0.11764705882352941,2870.0008650519035,2022,2102,-80,32.0,67,900,1.0,0
40.885714285714286,54.890421453537215,13.0,216.0,2.0,54.5,0.2571428571428571,0.02857142857142857,0.11428571428571428,3012.9583673469388,2052,1962,90,18.1,72,300,0.0,1
28.942857142857143,35.16730856685986,15.0,117.0,0.0,35.5,0.45714285714285713,0.0,0.08571428571428572,1236.7395918367347,1962,2052,-90,25.0,72,300,1.0,0
29.59375,46.10372773363885,3.5,192.0,0.0,38.75,0.5625,0.0,0.09375,2125.5537109375,2292,2346,-54,42.9,65,900,0.5,1
32.24242424242424,53.632323080130824,7.0,215.0,0.0,39.0,0.5757575757575758,0.030303030303030304,0.09090909090909091,2876.4260789715336,2346,2292,54,57.9,65,900,0.5,0
53.371428571428574,64.73598500912797,30.0,303.0,4.5,82.0,0.34285714285714286,0.02857142857142857,0.2,4190.747755102041,2174,2202,-28,39.1,88,60,0.5,1
69.71428571428571,102.23658037780282,24.0,383.0,1.0,84.0,0.4,0.11428571428571428,0.11428571428571428,10452.318367346938,2202,2174,28,37.5,88,60,0.5,0
24.6,36.36261816756324,8.0,147.0,0.0,36.0,0.5428571428571428,0.0,0.05714285714285714,1322.2400000000005,2094,1977,117,18.6,76,300,1.0,1
28.65714285714286,56.96913593323662,6.0,243.0,0.0,30.0,0.4857142857142857,0.05714285714285714,0.0,3245.482448979592,1977,2094,-117,28.0,76,300,0.0,0
50.857142857142854,85.4481105223324,16.0,460.0,0.0,78.5,0.5142857142857142,0.02857142857142857,0.14285714285714285,7301.379591836734,2025,2050,-25,23.3,81,300,0.0,1
38.285714285714285,66.69999847015266,2.0,262.0,0.0,51.0,0.5142857142857142,0.05714285714285714,0.11428571428571428,4448.889795918367,2050,2025,25,18.4,81,300,1.0,0
32.94285714285714,39.88479327630867,22.0,175.0,3.0,42.5,0.42857142857142855,0.0,0.11428571428571428,1590.7967346938772,2125,1922,203,32.7,93,900,0.0,1
17.542857142857144,23.877476364788226,5.0,88.0,0.0,29.5,0.5428571428571428,0.0,0.0,570.1338775510204,1922,2125,-203,31.7,93,900,1.0,0
8.914285714285715,11.842710665990593,4.0,49.0,0.0,14.5,0.5428571428571428,0.0,0.0,140.24979591836734,2728,2814,-86,34.8,182,180,0.0,1
6.9714285714285715,9.926834380421914,0.0,48.0,0.0,11.0,0.6285714285714286,0.0,0.0,98.54204081632652,2814,2728,86,28.7,182,180,1.0,0
20.771428571428572,30.978412496710135,6.0,124.0,0.5,25.0,0.42857142857142855,0.0,0.02857142857142857,959.6620408163267,2142,1933,209,32.1,103,120,1.0,1
24.571428571428573,37.33805849592206,13.0,192.0,1.5,28.0,0.2857142857142857,0.0,0.05714285714285714,1394.1306122448977,1933,2142,-209,38.2,103,120,0.0,0
29.64516129032258,49.681273415642146,12.0,266.0,0.0,38.5,0.3870967741935484,0.03225806451612903,0.0,2468.228928199791,2193,2146,47,25.8,61,300,1.0,1
41.6,56.733059145440066,18.5,244.0,0.0,60.0,0.36666666666666664,0.03333333333333333,0.13333333333333333,3218.6400000000003,2146,2193,-47,17.0,61,300,0.0,0
501.3809523809524,1932.0986979667493,25.0,9132.0,0.0,129.0,0.42857142857142855,0.19047619047619047,0.09523809523809523,3733005.378684808,1944,2114,-170,30.9,42,300,0.0,1
28.80952380952381,60.11308315533242,0.0,243.0,0.0,24.0,0.7142857142857143,0.047619047619047616,0.047619047619047616,3613.5827664399103,2114,1944,170,18.0,42,300,1.0,0
43.14705882352941,52.01421318930454,25.5,217.0,0.0,70.0,0.23529411764705882,0.029411764705882353,0.08823529411764706,2705.4783737024222,1961,2052,-91,22.2,67,300,1.0,1
53.60606060606061,81.69972344967823,21.0,363.0,5.0,57.0,0.42424242424242425,0.06060606060606061,0.12121212121212122,6674.844811753903,2052,1961,91,18.7,67,300,0.0,0
44.903225806451616,47.10616344763669,26.0,150.0,3.5,81.5,0.2903225806451613,0.0,0.12903225806451613,2218.990634755463,1978,2097,-119,29.3,62,300,1.0,1
367.38709677419354,1759.085423615193,18.0,9998.0,8.0,90.5,0.3225806451612903,0.03225806451612903,0.16129032258064516,3094381.5275754426,2097,1978,119,16.9,62,300,0.0,0
9.285714285714286,9.535112340551567,5.5,28.0,0.5,18.5,0.42857142857142855,0.0,0.0,90.9183673469388,2154,2030,124,40.8,27,900,1.0,1
2.0,3.4418242032610915,0.0,11.0,0.0,2.0,0.7692307692307693,0.0,0.0,11.846153846153847,2030,2154,-124,43.2,27,900,0.0,0
390.6923076923077,1780.55105491856,16.5,9291.0,0.5,70.5,0.38461538461538464,0.038461538461538464,0.07692307692307693,3170362.059171597,1969,2252,-283,23.3,53,300,0.0,1
20.296296296296298,39.58190272485162,8.0,205.0,0.0,28.0,0.6296296296296297,0.037037037037037035,0.0,1566.7270233196161,2252,1969,283,101.3,53,300,1.0,0
16.25,19.613452016409553,5.5,52.0,2.0,24.25,0.5,0.0,0.0,384.6875,2006,2073,-67,27.9,16,300,1.0,1
103.625,248.14659855617606,11.5,760.0,8.25,16.25,0.375,0.125,0.0,61576.734375,2073,2006,67,17.8,16,300,0.0,0
24.314285714285713,55.85223946325899,2.0,305.0,0.0,17.0,0.5714285714285714,0.02857142857142857,0.02857142857142857,3119.4726530612247,2050,1969,81,17.5,86,300,1.0,1
24.742857142857144,59.03429650013039,0.0,329.0,0.0,19.0,0.6571428571428571,0.02857142857142857,0.02857142857142857,3485.048163265307,1969,2050,-81,20.5,86,300,0.0,0
30.485714285714284,53.02633923873328,5.0,210.0,0.0,35.0,0.37142857142857144,0.02857142857142857,0.08571428571428572,2811.7926530612244,1997,2067,-70,26.1,109,300,0.0,1
26.314285714285713,40.18867745918454,9.0,202.0,0.0,39.0,0.45714285714285713,0.02857142857142857,0.02857142857142857,1615.1297959183673,2067,1997,70,16.9,109,300,1.0,0
34.285714285714285,55.41560967740378,15.0,273.0,0.5,34.5,0.2571428571428571,0.02857142857142857,0.08571428571428572,3070.8897959183673,1939,2134,-195,22.4,94,300,0.5,1
29.82857142857143,24.3269230210783,32.0,90.0,7.5,48.5,0.2571428571428571,0.0,0.0,591.7991836734694,2134,1939,195,18.5,94,300,0.5,0
45.11538461538461,60.45553160609166,32.0,258.0,0.0,60.5,0.38461538461538464,0.038461538461538464,0.07692307692307693,3654.871301775148,1989,2083,-94,21.4,52,300,0.5,1
56.42307692307692,106.97309980943918,13.0,474.0,0.0,44.0,0.46153846153846156,0.07692307692307693,0.07692307692307693,11443.244082840236,2083,1989,94,19.0,52,300,0.5,0
38.03703703703704,47.92624076832872,22.0,208.0,2.0,61.0,0.4074074074074074,0.037037037037037035,0.07407407407407407,2296.9245541838136,2226,2553,-327,41.8,54,900,0.0,1
21.814814814814813,51.7973523111673,3.0,221.0,0.0,11.0,0.7037037037037037,0.037037037037037035,0.037037037037037035,2682.9657064471885,2553,2226,327,50.7,54,900,1.0,0
758.2307692307693,2416.4034034664046,58.0,9127.0,8.0,98.0,0.15384615384615385,0.07692307692307693,0.15384615384615385,5839005.408284023,2033,1972,61,25.5,26,900,0.0,1
32.07692307692308,35.83393651159694,11.0,104.0,0.0,49.0,0.5384615384615384,0.0,0.07692307692307693,1284.07100591716,1972,2033,-61,26.8,26,900,1.0,0
19.085714285714285,29.050076398789553,7.0,148.0,0.0,28.5,0.34285714285714286,0.0,0.02857142857142857,843.9069387755098,2196,2099,97,28.1,83,300,0.5,1
12.485714285714286,24.591951562099606,2.0,137.0,0.0,16.5,0.42857142857142855,0.0,0.02857142857142857,604.7640816326532,2099,2196,-97,18.0,83,300,0.5,0
25.4,39.04078453544264,10.0,157.0,0.0,30.0,0.4,0.0,0.05714285714285714,1524.1828571428573,2022,2041,-19,23.8,75,300,1.0,1
36.05714285714286,49.83053731377569,14.0,202.0,0.5,51.0,0.2857142857142857,0.02857142857142857,0.08571428571428572,2483.082448979592,2041,2022,19,18.2,75,300,0.0,0
44.85294117647059,50.26116051242116,34.0,224.0,8.25,53.25,0.14705882352941177,0.029411764705882353,0.11764705882352941,2526.1842560553637,1991,2081,-90,21.4,68,300,0.5,1
43.11764705882353,55.57335624087709,17.0,230.0,2.0,70.25,0.2647058823529412,0.029411764705882353,0.11764705882352941,3088.3979238754323,2081,1991,90,19.0,68,300,0.5,0
789.6153846153846,2364.82442146953,75.0,8973.0,16.0,154.0,0.07692307692307693,0.23076923076923078,0.23076923076923078,5592394.544378698,2037,1968,69,25.5,26,900,0.0,1
24.46153846153846,35.75044999096114,10.0,132.0,0.0,27.0,0.5384615384615384,0.0,0.07692307692307693,1278.094674556213,1968,2037,-69,26.6,26,900,1.0,0
28.62857142857143,31.51424685919117,17.0,112.0,0.0,49.0,0.2857142857142857,0.0,0.02857142857142857,993.1477551020407,2659,2855,-196,37.4,114,180,0.0,1
10.771428571428572,15.933945281847118,2.0,77.0,0.0,18.0,0.6285714285714286,0.0,0.0,253.890612244898,2855,2659,196,28.3,114,180,1.0,0
12.228571428571428,18.288303388131077,4.0,77.0,0.0,19.5,0.5142857142857142,0.0,0.0,334.4620408163266,2798,2753,45,33.0,192,300,1.0,1
14.314285714285715,23.854045992327624,5.0,126.0,0.0,17.5,0.5714285714285714,0.0,0.02857142857142857,569.0155102040816,2753,2798,-45,29.5,192,300,0.0,0
22.344827586206897,26.558037762565586,14.0,132.0,2.0,31.0,0.4482758620689655,0.0,0.034482758620689655,705.3293697978597,2120,1882,238,35.5,58,300,1.0,1
36.86206896551724,45.8714276165616,17.0,206.0,3.0,64.0,0.3448275862068966,0.034482758620689655,0.034482758620689655,2104.18787158145,1882,2120,-238,27.8,58,300,0.0,0
22.02857142857143,26.912010822876326,7.0,111.0,0.5,34.5,0.6285714285714286,0.0,0.02857142857142857,724.2563265306125,2444,2132,312,44.5,79,900,1.0,1
27.542857142857144,40.29770844753395,5.0,156.0,0.0,41.0,0.5142857142857142,0.0,0.08571428571428572,1623.905306122449,2132,2444,-312,146.0,79,900,0.0,0
15.473684210526315,23.625072366478154,5.0,80.0,0.0,19.5,0.7894736842105263,0.0,0.0,558.1440443213296,2550,1590,960,44.4,37,180,1.0,1
56.27777777777778,71.22328392344393,36.5,227.0,4.25,58.5,0.4444444444444444,0.1111111111111111,0.1111111111111111,5072.756172839507,1590,2550,-960,39.0,37,180,0.0,0
45.8,88.31301473411817,26.0,512.0,4.0,44.0,0.2571428571428571,0.02857142857142857,0.02857142857142857,7799.188571428573,2125,1910,215,33.7,120,900,0.0,1
43.714285714285715,83.37679410914266,19.0,438.0,0.5,40.5,0.42857142857142855,0.05714285714285714,0.02857142857142857,6951.689795918368,1910,2125,-215,32.1,120,900,1.0,0
0.75,1.299038105676658,0.0,3.0,0.0,0.75,1.0,0.0,0.0,1.6875,2266,1900,366,20.2,9,300,1.0,1
181.2,151.95183447395428,146.0,430.0,65.0,263.0,0.2,0.4,0.2,23089.359999999997,1900,2266,-366,56.5,9,300,0.0,0
17.0,22.309511104331392,8.0,99.0,0.0,26.5,0.6571428571428571,0.0,0.0,497.7142857142857,2708,1559,1149,71.7,90,900,1.0,1
24.685714285714287,32.459884190068415,6.0,125.0,0.0,43.0,0.45714285714285713,0.0,0.05714285714285714,1053.6440816326533,1559,2708,-1149,64.4,90,900,0.0,0
31.46153846153846,36.90031349588612,9.0,103.0,2.0,49.0,0.3076923076923077,0.0,0.07692307692307693,1361.633136094675,2167,2115,52,28.8,26,300,1.0,1
12.846153846153847,16.76923076923077,9.0,62.0,3.0,12.0,0.5384615384615384,0.0,0.0,281.20710059171597,2115,2167,-52,18.1,26,300,0.0,0
21.685714285714287,40.800400158101695,7.0,228.0,1.5,24.0,0.4857142857142857,0.02857142857142857,0.0,1664.6726530612248,2156,2011,145,17.8,97,300,1.0,1
15.657142857142857,29.00043630917385,2.0,112.0,0.0,18.5,0.5428571428571428,0.0,0.02857142857142857,841.0253061224489,2011,2156,-145,21.7,97,300,0.0,0
37.114285714285714,52.948908759062356,19.0,264.0,4.0,55.5,0.37142857142857144,0.02857142857142857,0.05714285714285714,2803.5869387755106,1943,2067,-124,22.1,166,300,0.0,1
24.37142857142857,34.341216980087786,8.0,142.0,1.0,37.0,0.4,0.0,0.05714285714285714,1179.3191836734695,2067,1943,124,17.9,166,300,1.0,0
46.885714285714286,59.49634871321165,20.0,226.0,0.0,57.0,0.2857142857142857,0.02857142857142857,0.2,3539.815510204082,2015,2130,-115,24.3,81,300,0.5,1
43.17142857142857,51.86382483514509,14.0,177.0,1.5,71.5,0.3142857142857143,0.0,0.14285714285714285,2689.8563265306125,2130,2015,115,17.4,81,300,0.5,0
32.0,66.6538876641171,5.0,335.0,0.0,37.5,0.4444444444444444,0.037037037037037035,0.07407407407407407,4442.740740740741,2168,1838,330,37.6,54,60,0.0,1
36.2962962962963,54.09375593104091,10.0,203.0,4.0,46.5,0.4074074074074074,0.037037037037037035,0.07407407407407407,2926.1344307270233,1838,2168,-330,46.8,54,60,1.0,0
16.1875,28.058462961288523,2.5,101.0,0.0,14.0,0.6875,0.0,0.0625,787.27734375,2276,1955,321,32.8,31,60,1.0,1
21.6,40.58538324733836,0.0,121.0,0.0,21.5,0.6666666666666666,0.0,0.13333333333333333,1647.1733333333334,1955,2276,-321,25.5,31,60,0.0,0
28.285714285714285,29.80467022711271,15.0,105.0,4.5,40.5,0.34285714285714286,0.0,0.02857142857142857,888.3183673469388,2269,1949,320,20.7,88,300,1.0,1
30.0,72.06187817226447,3.0,394.0,0.0,29.5,0.45714285714285713,0.02857142857142857,0.05714285714285714,5192.914285714286,1949,2269,-320,22.5,88,300,0.0,0
31.448275862068964,36.64610456495982,18.0,138.0,0.0,58.0,0.3448275862068966,0.0,0.034482758620689655,1342.936979785969,2749,1424,1325,33.8,57,300,1.0,1
379.39285714285717,1728.780212819054,33.5,9359.0,3.0,87.0,0.21428571428571427,0.03571428571428571,0.10714285714285714,2988681.024234694,1424,2749,-1325,29.6,57,300,0.0,0
42.111111111111114,61.561973191328725,14.0,222.0,0.25,47.0,0.4444444444444444,0.05555555555555555,0.1111111111111111,3789.8765432098767,2044,2078,-34,27.1,37,300,0.0,1
33.8421052631579,58.25647753267645,10.0,247.0,0.0,37.0,0.42105263157894735,0.05263157894736842,0.05263157894736842,3393.817174515236,2078,2044,34,16.5,37,300,1.0,0
49.57142857142857,67.31515885924135,21.0,257.0,0.0,76.5,0.45714285714285713,0.08571428571428572,0.02857142857142857,4531.3306122448985,2009,2055,-46,23.1,117,300,0.5,1
35.285714285714285,46.460780036851006,12.0,196.0,0.0,60.5,0.4857142857142857,0.0,0.11428571428571428,2158.604081632653,2055,2009,46,20.8,117,300,0.5,0
24.166666666666668,29.584624384974028,8.5,96.0,0.0,50.0,0.5,0.0,0.0,875.2499999999999,2074,1932,142,22.1,35,300,1.0,1
22.58823529411765,17.84593815551648,20.0,62.0,7.0,32.0,0.29411764705882354,0.0,0.0,318.47750865051904,1932,2074,-142,22.6,35,300,0.0,0
10.657142857142857,13.535018828722682,6.0,52.0,0.0,15.0,0.5428571428571428,0.0,0.0,183.19673469387752,3043,2950,93,27.3,143,0,0.5,1
8.342857142857143,11.713100985387156,2.0,47.0,0.0,14.5,0.6857142857142857,0.0,0.0,137.19673469387754,2950,3043,-93,25.1,143,0,0.5,0
431.11538461538464,1863.973265055118,34.0,9746.0,2.75,120.25,0.34615384615384615,0.038461538461538464,0.2692307692307692,3474396.332840237,1966,2035,-69,29.4,53,900,0.0,1
48.77777777777778,66.62072491090383,15.0,272.0,0.0,99.5,0.48148148148148145,0.037037037037037035,0.2222222222222222,4438.3209876543215,2035,1966,69,33.0,53,900,1.0,0
50.628571428571426,72.65971008329001,34.0,308.0,0.5,59.0,0.4857142857142857,0.05714285714285714,0.08571428571428572,5279.433469387756,1988,2022,-34,29.0,73,900,1.0,1
317.4,1563.1064893803164,14.0,9420.0,3.0,53.0,0.34285714285714286,0.08571428571428572,0.08571428571428572,2443301.897142857,2022,1988,34,27.8,73,900,0.0,0
56.08571428571429,40.72091174152691,51.0,132.0,19.5,91.0,0.2,0.0,0.17142857142857143,1658.1926530612243,1951,2091,-140,22.4,88,300,1.0,1
42.82857142857143,41.324835641733976,36.0,169.0,8.5,65.0,0.3142857142857143,0.0,0.08571428571428572,1707.7420408163268,2091,1951,140,17.6,88,300,0.0,0
16.125,22.981990231483433,3.5,91.0,0.0,25.25,0.4375,0.0,0.0,528.171875,2126,2008,118,37.2,64,300,1.0,1
23.0,35.047289481499135,5.5,123.0,2.0,21.0,0.53125,0.0,0.03125,1228.3125,2008,2126,-118,17.6,64,300,0.0,0
13.4,26.760792215478222,1.5,96.0,0.0,11.0,0.55,0.0,0.0,716.1399999999999,2108,1935,173,19.6,39,300,1.0,1
38.05263157894737,70.40071297800637,6.0,296.0,0.0,46.5,0.3684210526315789,0.05263157894736842,0.05263157894736842,4956.260387811633,1935,2108,-173,24.1,39,300,0.0,0
27.0,35.175478471717845,14.0,135.0,0.0,39.5,0.4,0.0,0.05714285714285714,1237.3142857142857,2101,1978,123,17.7,84,300,1.0,1
34.77142857142857,46.2231146346783,13.0,183.0,1.0,51.0,0.45714285714285713,0.0,0.08571428571428572,2136.576326530612,1978,2101,-123,23.4,84,300,0.0,0
69.46666666666667,136.04159494638233,5.0,440.0,0.0,24.5,0.26666666666666666,0.13333333333333333,0.06666666666666667,18507.315555555557,2013,2025,-12,39.5,30,900,0.0,1
25.466666666666665,47.60093369765859,0.0,142.0,0.0,19.0,0.6666666666666666,0.0,0.13333333333333333,2265.848888888889,2025,2013,12,24.7,30,900,1.0,0
27.366666666666667,47.08466369801908,9.0,232.0,0.0,34.5,0.43333333333333335,0.03333333333333333,0.03333333333333333,2216.9655555555555,1972,2049,-77,21.9,60,300,1.0,1
58.733333333333334,52.37488796063329,43.5,168.0,13.0,107.0,0.26666666666666666,0.0,0.26666666666666666,2743.1288888888894,2049,1972,77,17.1,60,300,0.0,0
7.857142857142857,11.8421592074198,2.0,46.0,0.0,13.0,0.45714285714285713,0.0,0.0,140.23673469387754,3051,2979,72,37.7,164,0,1.0,1
5.142857142857143,11.414634359059443,0.0,55.0,0.0,6.0,0.6571428571428571,0.0,0.0,130.2938775510204,2979,3051,-72,34.7,164,0,0.0,0
18.0,22.73834334476714,5.0,79.0,0.0,30.0,0.45161290322580644,0.0,0.0,517.0322580645161,2143,1977,166,34.3,61,0,1.0,1
30.8,67.52599499452045,2.5,343.0,0.0,26.75,0.5,0.03333333333333333,0.06666666666666667,4559.759999999999,1977,2143,-166,24.8,61,0,0.0,0
18.85,29.890257610131098,7.0,123.0,0.0,29.25,0.6,0.0,0.05,893.4275,2496,1656,840,40.7,40,300,1.0,1
513.9,1933.1922537606033,42.5,8931.0,20.75,90.75,0.2,0.15,0.1,3737232.2900000005,1656,2496,-840,22.8,40,300,0.0,0
430.9583333333333,1820.3723172098307,27.5,9157.0,5.75,86.25,0.4166666666666667,0.08333333333333333,0.125,3313755.3732638885,2092,2117,-25,55.8,49,900,0.0,1
14.4,23.978323544401515,2.0,80.0,0.0,11.0,0.6,0.0,0.0,574.96,2117,2092,25,81.3,49,900,1.0,0
13.84375,22.13045042328556,3.5,88.0,0.0,19.5,0.6875,0.0,0.0,489.7568359375,2687,1888,799,32.0,63,300,1.0,1
334.258064516129,1695.8203261442516,9.0,9621.0,0.0,37.0,0.5161290322580645,0.03225806451612903,0.06451612903225806,2875806.578563996,1888,2687,-799,36.8,63,300,0.0,0
15.176470588235293,20.566206702537247,10.0,77.0,0.0,14.0,0.4117647058823529,0.0,0.0,422.96885813148793,2560,1714,846,42.4,33,180,1.0,1
29.375,56.71516001035349,0.5,200.0,0.0,15.25,0.5,0.0,0.1875,3216.609375,1714,2560,-846,339.2,33,180,0.0,0
12.285714285714286,15.665378438858511,7.0,63.0,1.0,13.0,0.4,0.0,0.0,245.40408163265312,2227,1857,370,93.5,83,0,1.0,1
13.542857142857143,18.529270831606418,7.0,90.0,0.0,22.5,0.42857142857142855,0.0,0.0,343.3338775510204,1857,2227,-370,29.5,83,0,0.0,0
43.57142857142857,44.724736341495934,36.0,155.0,4.0,71.5,0.37142857142857144,0.0,0.08571428571428572,2000.3020408163268,2003,2027,-24,25.3,85,300,1.0,1
39.51428571428571,49.21519592772218,24.0,181.0,1.0,62.0,0.34285714285714286,0.0,0.11428571428571428,2422.1355102040816,2027,2003,24,18.9,85,300,0.0,0
69.06896551724138,118.18539819794027,28.0,585.0,5.0,68.0,0.27586206896551724,0.10344827586206896,0.10344827586206896,13967.788347205706,2085,2183,-98,38.6,57,60,1.0,1
43.107142857142854,69.63955120358497,6.0,245.0,0.0,42.25,0.5357142857142857,0.07142857142857142,0.10714285714285714,4849.667091836734,2183,2085,98,111.7,57,60,0.0,0
27.942857142857143,44.01164966372482,5.0,169.0,0.0,35.5,0.5142857142857142,0.0,0.11428571428571428,1937.0253061224491,2186,1822,364,29.0,114,300,1.0,1
31.17142857142857,50.9209391195442,10.0,279.0,3.5,42.5,0.37142857142857144,0.02857142857142857,0.02857142857142857,2592.942040816327,1822,2186,-364,21.2,114,300,0.0,0
398.9259259259259,1745.4657009037876,29.0,9291.0,9.0,82.5,0.1111111111111111,0.1111111111111111,0.1111111111111111,3046650.5130315507,2160,2090,70,30.9,54,300,0.0,1
26.814814814814813,53.11555330356151,7.0,257.0,0.5,22.0,0.5555555555555556,0.037037037037037035,0.037037037037037035,2821.2620027434846,2090,2160,-70,18.1,54,300,1.0,0
48.65714285714286,63.47055238776611,22.0,224.0,6.5,53.5,0.37142857142857144,0.05714285714285714,0.08571428571428572,4028.5110204081625,1959,2041,-82,23.5,136,300,0.0,1
42.57142857142857,51.12689295931711,30.0,221.0,0.5,53.0,0.2571428571428571,0.02857142857142857,0.14285714285714285,2613.9591836734694,2041,1959,82,17.5,136,300,1.0,0
34.31578947368421,45.58976412307684,24.0,192.0,9.5,33.5,0.42105263157894735,0.0,0.10526315789473684,2078.4265927977845,2061,2063,-2,26.3,37,900,1.0,1
62.166666666666664,131.82069050207727,16.5,565.0,0.0,40.25,0.3888888888888889,0.1111111111111111,0.05555555555555555,17376.694444444445,2063,2061,2,28.8,37,900,0.0,0
35.65714285714286,40.05206815216046,28.0,147.0,0.0,60.5,0.4,0.0,0.05714285714285714,1604.168163265306,2130,1982,148,47.6,88,900,0.0,1
36.2,56.44608046622901,15.0,246.0,0.0,52.5,0.5428571428571428,0.02857142857142857,0.08571428571428572,3186.1600000000003,1982,2130,-148,35.8,88,900,1.0,0
34.77142857142857,39.75789999792366,21.0,129.0,0.0,65.0,0.4,0.0,0.08571428571428572,1580.690612244898,2068,1937,131,19.2,133,300,0.0,1
23.485714285714284,33.38893865473708,10.0,148.0,0.0,36.5,0.4857142857142857,0.0,0.05714285714285714,1114.821224489796,1937,2068,-131,22.1,133,300,1.0,0
12.657142857142857,16.758695580235962,8.0,86.0,0.0,22.5,0.45714285714285713,0.0,0.0,280.85387755102033,2798,2674,124,31.4,258,180,0.5,1
8.4,15.558552999188947,2.0,81.0,0.0,11.0,0.6285714285714286,0.0,0.0,242.06857142857137,2674,2798,-124,25.1,258,180,0.5,0
23.90909090909091,31.215151368063704,12.0,119.0,0.0,39.0,0.42424242424242425,0.0,0.030303030303030304,974.3856749311294,2303,1923,380,21.0,66,300,0.0,1
6.121212121212121,12.024615096864093,0.0,59.0,0.0,8.0,0.6666666666666666,0.0,0.0,144.59136822773186,1923,2303,-380,22.4,66,300,1.0,0
44.95652173913044,51.17189977939197,25.0,177.0,1.5,71.0,0.4782608695652174,0.0,0.08695652173913043,2618.5633270321364,2021,2058,-37,21.4,47,300,0.5,1
47.375,57.3394951872907,29.5,192.0,2.5,62.75,0.375,0.0,0.125,3287.8177083333335,2058,2021,37,19.2,47,300,0.5,0
33.31428571428572,46.21921148401476,19.0,236.0,3.5,42.5,0.34285714285714286,0.02857142857142857,0.05714285714285714,2136.2155102040815,2056,2087,-31,26.2,98,300,0.0,1
18.542857142857144,22.802685126528235,11.0,99.0,2.5,27.0,0.2571428571428571,0.0,0.0,519.962448979592,2087,2056,31,16.6,98,300,1.0,0
31.4,29.046957057249806,23.0,105.0,2.0,50.0,0.2571428571428571,0.0,0.02857142857142857,843.7257142857143,2009,2013,-4,23.0,318,300,0.0,1
27.228571428571428,29.30829791254709,18.0,112.0,5.0,41.5,0.17142857142857143,0.0,0.05714285714285714,858.976326530612,2013,2009,4,17.8,318,300,1.0,0
426.4583333333333,1825.643539028696,23.5,9177.0,3.25,82.0,0.5416666666666666,0.08333333333333333,0.08333333333333333,3332974.331597222,2156,2152,4,37.1,48,120,0.0,1
36.541666666666664,59.41098324851691,3.5,206.0,0.0,36.0,0.5833333333333334,0.041666666666666664,0.16666666666666666,3529.664930555556,2152,2156,-4,35.2,48,120,1.0,0
10.6,9.593747964169165,13.0,28.0,0.0,16.5,0.8,0.0,0.0,92.03999999999999,2739,1749,990,35.1,20,300,1.0,1
37.0,32.07802986469088,30.5,98.0,13.0,47.5,0.1,0.0,0.0,1029.0,1749,2739,-990,202.5,20,300,0.0,0
16.542857142857144,21.802153048518406,6.0,86.0,0.0,25.0,0.5428571428571428,0.0,0.0,475.3338775510204,2722,2939,-217,55.2,121,60,0.0,1
7.057142857142857,9.942528730208448,3.0,46.0,0.0,9.0,0.5714285714285714,0.0,0.0,98.8538775510204,2939,2722,217,40.9,121,60,1.0,0
35.17857142857143,44.19361102130082,14.5,181.0,0.0,66.75,0.4642857142857143,0.0,0.07142857142857142,1953.075255102041,2103,1920,183,18.7,55,300,1.0,1
406.44444444444446,1698.860736631798,7.0,8989.0,0.0,65.5,0.5555555555555556,0.07407407407407407,0.1111111111111111,2886127.8024691353,1920,2103,-183,19.6,55,300,0.0,0
41.48571428571429,91.67812371196815,14.0,520.0,1.0,29.0,0.6571428571428571,0.02857142857142857,0.05714285714285714,8404.878367346937,2141,1863,278,43.8,94,300,0.0,1
43.97142857142857,73.48060413247478,11.0,346.0,0.0,61.5,0.5428571428571428,0.05714285714285714,0.05714285714285714,5399.399183673469,1863,2141,-278,35.3,94,300,1.0,0
26.923076923076923,26.63993976217935,22.5,78.0,0.0,51.5,0.5769230769230769,0.0,0.0,709.6863905325444,2121,1890,231,47.0,52,120,1.0,1
45.30769230769231,67.60903969530044,18.5,282.0,0.25,66.0,0.3076923076923077,0.07692307692307693,0.038461538461538464,4570.98224852071,1890,2121,-231,29.8,52,120,0.0,0
43.91428571428571,54.43442788140159,23.0,224.0,7.0,53.5,0.37142857142857144,0.02857142857142857,0.11428571428571428,2963.1069387755106,2036,2041,-5,21.2,133,300,0.5,1
37.114285714285714,71.90341594451404,7.0,340.0,0.0,38.0,0.5714285714285714,0.05714285714285714,0.05714285714285714,5170.101224489796,2041,2036,5,18.9,133,300,0.5,0
44.05714285714286,68.67228297486251,5.0,313.0,0.0,74.0,0.5714285714285714,0.02857142857142857,0.17142857142857143,4715.8824489795925,1940,2127,-187,24.4,91,300,0.0,1
586.8,2213.082398569277,12.0,9656.0,0.0,70.0,0.42857142857142855,0.08571428571428572,0.14285714285714285,4897733.702857143,2127,1940,187,16.9,91,300,1.0,0
3.9285714285714284,5.787477685415614,0.0,17.0,0.0,5.0,0.7142857142857143,0.0,0.0,33.494897959183675,2854,2853,1,40.0,27,180,1.0,1
3.8461538461538463,4.503778821016752,2.0,15.0,0.0,5.0,0.38461538461538464,0.0,0.0,20.284023668639048,2853,2854,-1,28.5,27,180,0.0,0
51.457142857142856,79.14339349998758,18.0,339.0,0.0,67.0,0.4,0.05714285714285714,0.11428571428571428,6263.676734693877,2014,2097,-83,33.6,89,900,0.0,1
314.8285714285714,1608.5499323608076,24.0,9689.0,0.0,44.0,0.42857142857142855,0.02857142857142857,0.17142857142857143,2587432.884897959,2097,2014,83,43.5,89,900,1.0,0
18.914285714285715,30.92144094643847,8.0,159.0,0.0,20.0,0.5142857142857142,0.0,0.02857142857142857,956.1355102040816,2379,2319,60,45.5,80,900,0.0,1
8.2,13.321947519574069,1.0,56.0,0.0,10.0,0.7142857142857143,0.0,0.0,177.47428571428568,2319,2379,-60,141.5,80,900,1.0,0
13.0,14.274102423620198,8.5,44.0,3.0,15.75,0.5,0.0,0.0,203.75,2288,1747,541,43.6,16,900,1.0,1
1252.75,3243.402948679057,0.0,9833.0,0.0,65.75,0.625,0.125,0.125,10519662.6875,1747,2288,-541,42.8,16,900,0.0,0
12.428571428571429,17.571544715063308,4.0,70.0,0.0,14.5,0.45714285714285713,0.0,0.0,308.7591836734693,2231,2105,126,24.7,287,300,0.5,1
11.685714285714285,11.366043233047733,9.0,50.0,4.0,16.0,0.17142857142857143,0.0,0.0,129.18693877551019,2105,2231,-126,16.9,287,300,0.5,0
43.51428571428571,65.9672522343241,22.0,337.0,2.0,57.5,0.2857142857142857,0.05714285714285714,0.02857142857142857,4351.678367346938,2102,1910,192,47.6,181,120,1.0,1
34.94285714285714,67.2266710920781,18.0,392.0,1.5,40.5,0.34285714285714286,0.02857142857142857,0.02857142857142857,4519.42530612245,1910,2102,-192,30.1,181,120,0.0,0
64.4375,129.86866863778192,3.0,444.0,0.0,24.5,0.625,0.125,0.0625,16865.87109375,2220,2116,104,26.9,33,300,0.0,1
19.941176470588236,34.85680048128898,0.0,142.0,0.0,27.0,0.5882352941176471,0.0,0.058823529411764705,1214.9965397923877,2116,2220,-104,17.3,33,300,1.0,0
19.130434782608695,25.767023664106343,6.0,90.0,0.0,27.5,0.391304347826087,0.0,0.0,663.9395085066163,2146,1943,203,36.6,45,300,1.0,1
476.90909090909093,1952.5171843986168,33.0,9420.0,9.25,66.25,0.22727272727272727,0.09090909090909091,0.09090909090909091,3812323.3553719018,1943,2146,-203,31.1,45,300,0.0,0
51.3235294117647,63.93274066329179,24.5,299.0,0.0,81.5,0.47058823529411764,0.029411764705882353,0.11764705882352941,4087.3953287197237,2220,2004,216,18.1,69,300,0.0,1
24.942857142857143,39.29299672761973,10.0,194.0,0.0,29.5,0.6285714285714286,0.0,0.05714285714285714,1543.939591836735,2004,2220,-216,21.7,69,300,1.0,0
37.375,43.1333325283359,18.0,155.0,5.75,48.25,0.2916666666666667,0.0,0.125,1860.484375,2057,2008,49,20.0,48,300,0.0,1
15.083333333333334,21.19338864415557,4.0,76.0,0.0,20.75,0.5416666666666666,0.0,0.0,449.1597222222222,2008,2057,-49,26.6,48,300,1.0,0
26.896551724137932,27.30838550965392,19.0,123.0,5.0,40.0,0.1724137931034483,0.0,0.034482758620689655,745.7479191438763,2266,1843,423,82.4,57,60,1.0,1
18.107142857142858,20.359868238617793,12.5,69.0,0.0,31.25,0.5,0.0,0.0,414.52423469387753,1843,2266,-423,41.6,57,60,0.0,0
14.857142857142858,28.031080903144623,3.0,106.0,0.0,14.0,0.7142857142857143,0.0,0.047619047619047616,785.7414965986393,2107,1961,146,24.5,41,300,1.0,1
35.85,81.58509361396847,2.0,333.0,0.0,25.75,0.6,0.1,0.0,6656.1275,1961,2107,-146,26.3,41,300,0.0,0
45.84615384615385,80.77970628038679,8.0,307.0,2.0,51.0,0.46153846153846156,0.07692307692307693,0.0,6525.360946745562,2064,2060,4,27.7,26,900,0.0,1
27.615384615384617,29.86518029550199,23.0,106.0,5.0,35.0,0.7692307692307693,0.0,0.07692307692307693,891.9289940828404,2060,2064,-4,31.3,26,900,1.0,0
22.457142857142856,56.05779816130739,9.0,339.0,2.5,22.0,0.2857142857142857,0.02857142857142857,0.0,3142.476734693878,2199,1997,202,40.4,82,300,0.5,1
13.142857142857142,16.769262454422563,5.0,66.0,0.0,21.5,0.5142857142857142,0.0,0.0,281.2081632653062,1997,2199,-202,19.1,82,300,0.5,0
9.82857142857143,14.846809593378667,3.0,54.0,0.0,13.0,0.5428571428571428,0.0,0.0,220.42775510204083,3039,2955,84,28.1,155,0,0.5,1
8.085714285714285,10.781919862360661,4.0,42.0,0.0,11.0,0.6,0.0,0.0,116.24979591836734,2955,3039,-84,25.9,155,0,0.5,0
6.942857142857143,11.381546109239057,2.0,50.0,0.0,9.0,0.6,0.0,0.0,129.5395918367347,2867,2974,-107,77.7,261,60,0.0,1
7.828571428571428,13.054798163971775,0.0,52.0,0.0,12.5,0.5428571428571428,0.0,0.0,170.4277551020408,2974,2867,107,32.1,261,60,1.0,0
36.0,64.57508169929473,8.0,325.0,0.0,47.25,0.5,0.029411764705882353,0.08823529411764706,4169.941176470588,2153,1972,181,60.3,67,900,1.0,1
43.36363636363637,68.4100020074232,11.0,282.0,0.0,59.0,0.45454545454545453,0.06060606060606061,0.09090909090909091,4679.928374655647,1972,2153,-181,57.8,67,900,0.0,0
36.77272727272727,80.88371665443367,4.0,330.0,0.0,15.5,0.5909090909090909,0.045454545454545456,0.09090909090909091,6542.17561983471,2121,1894,227,48.1,45,300,0.0,1
4.826086956521739,11.083290101350746,0.0,52.0,0.0,4.5,0.6956521739130435,0.0,0.0,122.83931947069944,1894,2121,-227,30.0,45,300,1.0,0
5.947368421052632,9.281978488110152,2.0,29.0,0.0,5.5,0.7894736842105263,0.0,0.0,86.15512465373962,2875,1491,1384,77.3,38,60,1.0,1
32.89473684210526,67.28016422850764,4.0,241.0,0.5,22.0,0.47368421052631576,0.10526315789473684,0.0,4526.620498614959,1491,2875,-1384,35.7,38,60,0.0,0
41.55555555555556,35.47647455587407,39.0,120.0,9.25,53.25,0.3888888888888889,0.0,0.1111111111111111,1258.5802469135804,2034,2000,34,17.5,36,300,1.0,1
60.166666666666664,97.13407114796424,14.5,367.0,0.0,56.0,0.3333333333333333,0.1111111111111111,0.1111111111111111,9435.02777777778,2000,2034,-34,20.2,36,300,0.0,0
48.833333333333336,47.04755277612452,40.5,176.0,14.25,65.75,0.3333333333333333,0.0,0.08333333333333333,2213.472222222222,2199,1877,322,37.5,24,0,1.0,1
39.416666666666664,35.45527307593173,31.0,116.0,8.75,64.0,0.25,0.0,0.08333333333333333,1257.0763888888894,1877,2199,-322,37.3,24,0,0.0,0
14.285714285714286,23.620295665950895,5.0,89.0,0.0,13.0,0.2857142857142857,0.0,0.0,557.9183673469387,2211,2169,42,25.9,28,300,0.0,1
13.928571428571429,23.146935266788518,1.5,77.0,0.0,9.75,0.5,0.0,0.0,535.780612244898,2169,2211,-42,16.5,28,300,1.0,0
10.457142857142857,15.377800060277723,5.0,69.0,0.0,14.0,0.6,0.0,0.0,236.47673469387752,2795,2653,142,33.5,107,180,0.5,1
6.685714285714286,8.24195340428271,3.0,28.0,0.0,12.0,0.4857142857142857,0.0,0.0,67.92979591836735,2653,2795,-142,27.1,107,180,0.5,0
44.34285714285714,49.02823842710755,34.0,187.0,7.5,53.5,0.22857142857142856,0.0,0.14285714285714285,2403.7681632653057,2061,1961,100,29.0,71,900,0.0,1
30.514285714285716,34.242305854075916,26.0,131.0,0.0,46.5,0.4857142857142857,0.0,0.05714285714285714,1172.5355102040817,1961,2061,-100,26.8,71,900,1.0,0
22.37142857142857,25.594737979610144,8.0,83.0,0.5,37.0,0.4,0.0,0.0,655.090612244898,1997,2121,-124,24.4,77,300,1.0,1
26.62857142857143,37.3011571741496,7.0,147.0,0.0,40.0,0.45714285714285713,0.0,0.08571428571428572,1391.3763265306122,2121,1997,124,17.4,77,300,0.0,0
73.22857142857143,113.78452963243056,27.0,526.0,3.5,89.5,0.22857142857142856,0.08571428571428572,0.17142857142857143,12946.91918367347,2044,1986,58,17.8,76,300,0.0,1
60.542857142857144,115.99121712000262,12.0,596.0,0.0,61.0,0.4857142857142857,0.11428571428571428,0.05714285714285714,13453.96244897959,1986,2044,-58,25.1,76,300,1.0,0
47.5,57.73719194187862,32.0,247.0,2.25,58.75,0.26666666666666666,0.03333333333333333,0.16666666666666666,3333.5833333333335,1904,2329,-425,32.8,61,900,0.0,1
23.806451612903224,27.863051444449617,15.0,107.0,0.0,38.0,0.41935483870967744,0.0,0.03225806451612903,776.3496357960458,2329,1904,425,68.1,61,900,1.0,0
793.6923076923077,2363.237361841245,74.0,8972.0,20.0,201.0,0.07692307692307693,0.3076923076923077,0.15384615384615385,5584890.8284023665,2056,1949,107,25.8,26,900,0.0,1
29.53846153846154,34.41961735945938,17.0,121.0,0.0,52.0,0.5384615384615384,0.0,0.07692307692307693,1184.7100591715975,1949,2056,-107,27.1,26,900,1.0,0
21.857142857142858,23.033072938268393,15.0,78.0,2.5,28.0,0.42857142857142855,0.0,0.0,530.5224489795918,2209,2101,108,27.9,81,300,1.0,1
40.08571428571429,60.67589374399567,16.0,289.0,4.0,53.5,0.45714285714285713,0.05714285714285714,0.02857142857142857,3681.5640816326536,2101,2209,-108,18.1,81,300,0.0,0
22.82857142857143,35.023653814680905,4.0,141.0,0.0,36.0,0.4857142857142857,0.0,0.05714285714285714,1226.6563265306122,2181,1989,192,28.7,73,180,1.0,1
23.742857142857144,39.901552320066706,5.0,178.0,0.0,29.0,0.5428571428571428,0.0,0.05714285714285714,1592.1338775510205,1989,2181,-192,33.7,73,180,0.0,0
12.428571428571429,15.316257868749823,8.0,57.0,1.0,17.0,0.22857142857142856,0.0,0.0,234.58775510204083,2174,1831,343,29.4,106,300,1.0,1
11.285714285714286,13.95619970493693,6.0,53.0,1.0,14.0,0.2857142857142857,0.0,0.0,194.77551020408163,1831,2174,-343,18.2,106,300,0.0,0
552.7894736842105,2087.954364770189,1.0,9399.0,0.0,56.5,0.3684210526315789,0.15789473684210525,0.05263157894736842,4359553.429362883,2018,2087,-69,22.1,39,300,0.0,1
11.65,19.113542319517855,1.0,50.0,0.0,9.75,0.5,0.0,0.0,365.3275,2087,2018,69,19.5,39,300,1.0,0
35.642857142857146,39.94837229449521,26.0,165.0,2.5,52.5,0.2857142857142857,0.0,0.10714285714285714,1595.872448979592,1999,2005,-6,23.6,57,300,0.0,1
17.93103448275862,32.32478608562738,1.0,138.0,0.0,15.0,0.5172413793103449,0.0,0.034482758620689655,1044.8917954815697,2005,1999,6,19.1,57,300,1.0,0
67.91428571428571,51.39003317963593,63.0,141.0,21.5,126.0,0.45714285714285713,0.0,0.34285714285714286,2640.9355102040818,2013,2094,-81,22.2,159,300,0.0,1
65.62857142857143,56.6200800899094,39.0,149.0,14.0,126.0,0.2,0.0,0.37142857142857144,3205.833469387755,2094,2013,81,18.6,159,300,1.0,0
34.91428571428571,64.85296399375676,12.0,372.0,0.0,41.5,0.6285714285714286,0.02857142857142857,0.0,4205.90693877551,2293,2337,-44,44.8,82,900,1.0,1
37.42857142857143,61.31943794089893,13.0,251.0,0.0,48.5,0.42857142857142855,0.05714285714285714,0.05714285714285714,3760.073469387755,2337,2293,44,58.3,82,900,0.0,0
75.48571428571428,67.88998303077095,58.0,231.0,14.5,128.5,0.4857142857142857,0.05714285714285714,0.2857142857142857,4609.049795918367,1993,2135,-142,26.6,160,300,0.0,1
63.857142857142854,111.86781558279087,11.0,490.0,0.0,56.0,0.6,0.17142857142857143,0.0,12514.408163265309,2135,1993,142,16.9,160,300,1.0,0
33.75,63.67878375094801,3.5,254.0,0.0,27.5,0.55,0.05,0.1,4054.9875,2273,1930,343,35.0,40,60,1.0,1
49.1,69.54847230529222,12.0,258.0,0.75,102.25,0.35,0.05,0.2,4836.99,1930,2273,-343,24.4,40,60,0.0,0
14.771428571428572,23.089992531441858,6.0,108.0,0.0,17.5,0.45714285714285713,0.0,0.02857142857142857,533.1477551020407,2774,2752,22,33.0,116,180,1.0,1
18.2,23.094588110637524,14.0,90.0,0.0,25.5,0.42857142857142855,0.0,0.0,533.36,2752,2774,-22,25.7,116,180,0.0,0
52.96,92.1839378633827,20.0,386.0,1.0,46.0,0.32,0.08,0.04,8497.878400000001,1953,2058,-105,23.9,51,300,0.0,1
37.69230769230769,50.5247610512899,14.0,216.0,0.0,50.5,0.4230769230769231,0.038461538461538464,0.07692307692307693,2552.751479289941,2058,1953,105,17.9,51,300,1.0,0
9.514285714285714,12.387485455828692,5.0,46.0,0.0,13.0,0.45714285714285713,0.0,0.0,153.44979591836736,2691,1845,846,32.3,87,300,1.0,1
17.885714285714286,25.603316111753323,10.0,130.0,0.0,22.0,0.2857142857142857,0.0,0.02857142857142857,655.5297959183673,1845,2691,-846,31.0,87,300,0.0,0
53.371428571428574,73.20073602841737,27.0,280.0,0.0,73.5,0.5142857142857142,0.05714285714285714,0.11428571428571428,5358.34775510204,1997,2091,-94,26.7,112,300,0.0,1
36.94285714285714,57.78083857233685,16.0,243.0,0.0,43.5,0.6285714285714286,0.02857142857142857,0.08571428571428572,3338.6253061224493,2091,1997,94,17.3,112,300,1.0,0
28.357142857142858,46.707459090533675,11.0,212.0,0.0,32.75,0.6428571428571429,0.03571428571428571,0.03571428571428571,2181.586734693877,2085,2029,56,19.7,55,300,1.0,1
43.148148148148145,73.60943161373119,7.0,297.0,0.0,58.0,0.4074074074074074,0.07407407407407407,0.037037037037037035,5418.34842249657,2029,2085,-56,22.3,55,300,0.0,0
25.8125,52.48716360930547,0.0,162.0,0.0,13.0,0.625,0.0,0.125,2754.90234375,2030,2033,-3,23.7,33,300,0.0,1
18.352941176470587,41.5507360683306,2.0,155.0,0.0,9.0,0.5294117647058824,0.0,0.11764705882352941,1726.4636678200693,2033,2030,3,18.2,33,300,1.0,0
11.4,17.872884490199112,3.0,68.0,0.0,11.0,0.7714285714285715,0.0,0.0,319.44,2815,2843,-28,29.9,207,180,0.5,1
7.0,10.985704997209522,3.0,41.0,0.0,8.0,0.5714285714285714,0.0,0.0,120.68571428571428,2843,2815,28,31.0,207,180,0.5,0
36.8,58.6046317038411,14.0,264.0,0.0,38.5,0.5428571428571428,0.02857142857142857,0.08571428571428572,3434.5028571428575,2000,2017,-17,23.2,91,300,1.0,1
31.6,40.84619233871658,13.0,152.0,0.5,46.5,0.5142857142857142,0.0,0.08571428571428572,1668.4114285714286,2017,2000,17,80.1,91,300,0.0,0
40.84615384615385,52.528155313048224,8.0,181.0,3.0,70.0,0.23076923076923078,0.0,0.15384615384615385,2759.207100591716,2074,2034,40,24.6,26,900,0.0,1
8.846153846153847,11.88953097248004,0.0,36.0,0.0,15.0,0.6923076923076923,0.0,0.0,141.36094674556216,2034,2074,-40,24.6,26,900,1.0,0
14.8,18.52843374769862,10.0,80.0,0.0,22.0,0.42857142857142855,0.0,0.0,343.3028571428572,2255,1967,288,42.1,100,900,0.0,1
13.371428571428572,21.65586125118584,5.0,106.0,0.0,15.0,0.5142857142857142,0.0,0.02857142857142857,468.97632653061237,1967,2255,-288,35.4,100,900,1.0,0
36.8,52.04547462144455,16.0,260.0,3.0,49.0,0.2857142857142857,0.02857142857142857,0.08571428571428572,2708.7314285714283,2026,2016,10,20.7,103,300,1.0,1
20.085714285714285,30.12201039446208,7.0,128.0,0.0,28.0,0.42857142857142855,0.0,0.02857142857142857,907.3355102040816,2016,2026,-10,22.0,103,300,0.0,0
14.0,18.415831698374557,7.0,74.0,2.0,15.0,0.4857142857142857,0.0,0.0,339.14285714285717,2336,2607,-271,39.2,95,900,0.0,1
5.628571428571429,8.260355282174919,1.0,32.0,0.0,8.0,0.6571428571428571,0.0,0.0,68.23346938775508,2607,2336,271,46.6,95,900,1.0,0
35.88461538461539,73.23898022810033,10.0,308.0,0.0,20.0,0.38461538461538464,0.07692307692307693,0.038461538461538464,5363.948224852072,2158,2038,120,43.0,52,300,1.0,1
406.11538461538464,1738.3622780546389,22.5,9082.0,7.0,40.75,0.3076923076923077,0.15384615384615385,0.038461538461538464,3021903.4097633134,2038,2158,-120,19.3,52,300,0.0,0
58.885714285714286,76.96706955522191,32.0,316.0,6.0,83.0,0.42857142857142855,0.05714285714285714,0.08571428571428572,5923.929795918367,2115,2016,99,23.6,106,900,1.0,1
69.45714285714286,86.68707033500039,24.0,288.0,6.0,109.0,0.3142857142857143,0.14285714285714285,0.14285714285714285,7514.648163265304,2016,2115,-99,24.4,106,900,0.0,0
31.68,33.63774070891207,21.0,124.0,3.0,45.0,0.44,0.0,0.04,1131.4976000000001,2050,2031,19,38.2,49,900,1.0,1
443.0833333333333,1909.964112155572,27.5,9600.0,14.0,69.5,0.20833333333333334,0.041666666666666664,0.08333333333333333,3647962.909722222,2031,2050,-19,30.9,49,900,0.0,0
59.333333333333336,74.38899261464844,24.0,235.0,0.0,109.0,0.4583333333333333,0.041666666666666664,0.25,5533.722222222222,2101,2030,71,24.1,48,900,1.0,1
65.33333333333333,66.2782434555681,49.5,271.0,9.0,103.75,0.25,0.041666666666666664,0.20833333333333334,4392.805555555556,2030,2101,-71,25.1,48,900,0.0,0
16.294117647058822,36.43974027459961,0.0,152.0,0.0,16.0,0.5294117647058824,0.0,0.058823529411764705,1327.8546712802768,2701,1874,827,32.3,34,300,1.0,1
604.7647058823529,2244.796166022568,28.0,9581.0,0.0,78.0,0.5882352941176471,0.11764705882352941,0.058823529411764705,5039109.826989619,1874,2701,-827,32.9,34,300,0.0,0
40.74285714285714,58.89134928330444,17.0,282.0,4.0,55.5,0.4,0.02857142857142857,0.11428571428571428,3468.191020408163,2034,1978,56,21.3,82,300,1.0,1
20.857142857142858,39.649999356615275,4.0,211.0,0.0,30.0,0.45714285714285713,0.02857142857142857,0.02857142857142857,1572.1224489795916,1978,2034,-56,23.1,82,300,0.0,0
16.228571428571428,19.387898603120917,13.0,80.0,1.5,22.0,0.5428571428571428,0.0,0.0,375.89061224489797,2141,2109,32,30.7,105,300,1.0,1
17.742857142857144,24.587270640537152,6.0,122.0,0.0,29.0,0.45714285714285713,0.0,0.02857142857142857,604.5338775510203,2109,2141,-32,18.0,105,300,0.0,0
11.0,13.319159132617944,7.0,40.0,0.0,13.75,0.7,0.0,0.0,177.4,2722,1718,1004,74.6,21,900,1.0,1
44.0,113.86036104888223,5.0,403.0,1.5,17.0,0.36363636363636365,0.09090909090909091,0.0,12964.181818181818,1718,2722,-1004,345.2,21,900,0.0,0
20.34285714285714,35.284106383261374,8.0,193.0,0.5,28.5,0.5428571428571428,0.0,0.02857142857142857,1244.968163265306,2803,2727,76,43.1,107,180,0.5,1
14.514285714285714,21.891122047300268,3.0,107.0,0.0,27.0,0.4857142857142857,0.0,0.02857142857142857,479.22122448979593,2727,2803,-76,28.5,107,180,0.5,0
28.02857142857143,38.34094097830726,8.0,129.0,0.0,42.5,0.5428571428571428,0.0,0.11428571428571428,1470.0277551020406,2116,1893,223,36.1,122,300,1.0,1
36.4,69.05823629372532,14.0,375.0,0.0,35.5,0.4,0.02857142857142857,0.05714285714285714,4769.04,1893,2116,-223,32.0,122,300,0.0,0
27.470588235294116,30.51444719947051,18.5,126.0,2.0,43.0,0.4411764705882353,0.0,0.029411764705882353,931.1314878892736,2097,2027,70,28.3,68,900,1.0,1
40.1764705882353,41.15213566628339,33.5,179.0,8.25,63.5,0.23529411764705882,0.0,0.058823529411764705,1693.4982698961937,2027,2097,-70,32.2,68,900,0.0,0
508.15,2024.790588554777,20.0,9329.0,1.5,53.25,0.55,0.1,0.1,4099776.9275000007,2181,2131,50,30.5,40,300,0.0,1
20.15,39.30683782753326,0.0,159.0,0.0,23.25,0.6,0.0,0.05,1545.0274999999997,2131,2181,-50,17.2,40,300,1.0,0
38.628571428571426,39.972909193449446,25.0,165.0,4.0,62.5,0.2857142857142857,0.0,0.08571428571428572,1597.8334693877553,1913,2087,-174,25.1,94,300,0.0,1
28.514285714285716,38.13462725553204,10.0,144.0,0.5,36.5,0.45714285714285713,0.0,0.05714285714285714,1454.2497959183672,2087,1913,174,19.0,94,300,1.0,0
23.043478260869566,32.29278861599527,7.0,107.0,0.0,29.5,0.5217391304347826,0.0,0.08695652173913043,1042.8241965973539,2163,1902,261,64.7,45,900,1.0,1
42.86363636363637,50.208923015866645,16.0,167.0,8.5,66.25,0.22727272727272727,0.0,0.18181818181818182,2520.935950413223,1902,2163,-261,146.7,45,900,0.0,0
41.542857142857144,53.26448447251179,22.0,186.0,0.0,54.5,0.37142857142857144,0.0,0.14285714285714285,2837.1053061224493,2156,2152,4,36.7,71,120,1.0,1
43.17142857142857,56.706505403719255,18.0,250.0,0.0,60.5,0.42857142857142855,0.02857142857142857,0.14285714285714285,3215.6277551020407,2152,2156,-4,34.9,71,120,0.0,0
26.485714285714284,32.977370100957266,14.0,124.0,3.5,37.0,0.3142857142857143,0.0,0.02857142857142857,1087.5069387755104,2085,1918,167,25.5,93,300,1.0,1
18.314285714285713,30.463815940105945,6.0,124.0,0.0,14.0,0.4857142857142857,0.0,0.05714285714285714,928.044081632653,1918,2085,-167,21.5,93,300,0.0,0
30.6,47.277418348660774,16.0,221.0,4.5,30.5,0.22857142857142856,0.02857142857142857,0.05714285714285714,2235.1542857142863,2051,2011,40,24.2,113,300,0.0,1
19.02857142857143,33.15115659631605,10.0,187.0,0.0,22.5,0.4,0.0,0.02857142857142857,1098.9991836734691,2011,2051,-40,17.8,113,300,1.0,0
21.0,28.974790103440984,8.0,98.0,1.0,21.0,0.38461538461538464,0.0,0.0,839.5384615384615,2133,1870,263,35.0,25,300,1.0,1
856.6666666666666,2650.9297216050236,48.5,9647.0,3.0,134.75,0.25,0.08333333333333333,0.25,7027428.388888889,1870,2133,-263,28.0,25,300,0.0,0
11.257142857142858,20.13006686120875,3.0,87.0,0.0,9.5,0.6,0.0,0.0,405.21959183673465,2520,1520,1000,46.3,80,300,1.0,1
31.942857142857143,44.556829110790225,15.0,216.0,0.0,48.0,0.4,0.02857142857142857,0.08571428571428572,1985.3110204081634,1520,2520,-1000,31.6,80,300,0.0,0
33.26470588235294,58.42255246630535,7.5,216.0,0.0,29.75,0.4117647058823529,0.029411764705882353,0.08823529411764706,3413.194636678201,2027,2035,-8,23.7,67,300,1.0,1
47.303030303030305,54.854896661893,28.0,186.0,0.0,78.0,0.3333333333333333,0.0,0.12121212121212122,3009.0596877869602,2035,2027,8,20.5,67,300,0.0,0
16.428571428571427,26.281210794336065,7.0,133.0,0.0,20.5,0.6,0.0,0.02857142857142857,690.7020408163264,2743,2804,-61,36.9,120,180,0.0,1
8.628571428571428,13.963392371863375,1.0,56.0,0.0,13.5,0.6571428571428571,0.0,0.0,194.97632653061225,2804,2743,61,35.9,120,180,1.0,0
80.8125,57.43498362278864,64.0,223.0,44.0,96.25,0.1875,0.0625,0.1875,3298.77734375,2088,1999,89,19.8,33,300,0.0,1
25.41176470588235,31.29190615803806,4.0,88.0,0.0,48.0,0.29411764705882354,0.0,0.0,979.1833910034603,1999,2088,-89,24.9,33,300,1.0,0
14.057142857142857,21.386167568437926,4.0,85.0,0.0,16.0,0.5142857142857142,0.0,0.0,457.3681632653062,2399,2432,-33,44.6,81,900,0.0,1
9.057142857142857,11.474052359607759,4.0,41.0,0.0,15.0,0.7714285714285715,0.0,0.0,131.6538775510204,2432,2399,33,102.4,81,900,1.0,0
34.5,36.98986347636336,19.5,126.0,2.0,60.0,0.36363636363636365,0.0,0.045454545454545456,1368.25,2016,2095,-79,34.1,44,900,0.0,1
16.045454545454547,23.88509857388697,5.5,81.0,0.0,13.5,0.8636363636363636,0.0,0.0,570.4979338842975,2095,2016,79,44.5,44,900,1.0,0
38.457142857142856,60.24916969535424,18.0,306.0,0.5,52.0,0.42857142857142855,0.02857142857142857,0.05714285714285714,3629.9624489795915,1923,2110,-187,25.3,75,300,0.5,1
39.97142857142857,67.57112050669734,14.0,329.0,2.0,39.0,0.5714285714285714,0.05714285714285714,0.08571428571428572,4565.856326530613,2110,1923,187,16.4,75,300,0.5,0
39.911764705882355,97.21666755154176,7.0,539.0,0.0,35.0,0.7058823529411765,0.058823529411764705,0.0,9451.080449826992,2089,1925,164,18.0,68,300,1.0,1
44.44117647058823,64.76209456722013,18.0,274.0,6.0,40.5,0.5,0.058823529411764705,0.11764705882352941,4194.128892733563,1925,2089,-164,24.1,68,300,0.0,0
40.77142857142857,49.852402558114754,19.0,221.0,4.5,61.0,0.37142857142857144,0.02857142857142857,0.11428571428571428,2485.2620408163266,2224,1878,346,43.3,84,60,1.0,1
41.74285714285714,47.58711881960307,29.0,244.0,3.5,64.5,0.34285714285714286,0.02857142857142857,0.05714285714285714,2264.533877551021,1878,2224,-346,26.5,84,60,0.0,0
35.0,49.616385542335856,21.5,248.0,1.75,47.25,0.32142857142857145,0.03571428571428571,0.03571428571428571,2461.785714285714,2006,2004,2,28.5,55,900,1.0,1
48.51851851851852,127.94859221444003,7.0,621.0,0.0,36.5,0.5185185185185185,0.07407407407407407,0.0,16370.842249657064,2004,2006,-2,27.3,55,900,0.0,0
42.94285714285714,49.41193774622418,30.0,217.0,3.5,57.0,0.2,0.02857142857142857,0.08571428571428572,2441.5395918367344,2098,2026,72,25.2,86,900,0.0,1
49.857142857142854,47.00890059014226,39.0,196.0,7.0,79.5,0.3142857142857143,0.0,0.11428571428571428,2209.8367346938776,2026,2098,-72,27.3,86,900,1.0,0
26.0,35.50694097134893,6.0,135.0,0.0,43.5,0.37142857142857144,0.0,0.02857142857142857,1260.7428571428572,2270,1961,309,33.6,96,60,1.0,1
27.314285714285713,50.934002916138695,6.0,218.0,0.0,16.5,0.45714285714285713,0.02857142857142857,0.08571428571428572,2594.272653061225,1961,2270,-309,25.8,96,60,0.0,0
42.885714285714286,69.79020456382992,25.0,412.0,6.5,50.5,0.2857142857142857,0.02857142857142857,0.02857142857142857,4870.672653061226,2117,1970,147,26.6,244,0,0.5,1
40.857142857142854,44.31906578253579,24.0,165.0,7.5,58.5,0.2857142857142857,0.0,0.14285714285714285,1964.1795918367345,1970,2117,-147,26.5,244,0,0.5,0
44.3,66.17106618454928,11.0,262.0,0.0,80.25,0.4,0.05,0.1,4378.610000000001,2015,2065,-50,25.7,40,300,0.0,1
26.3,47.90521892236795,3.0,157.0,0.0,14.75,0.65,0.0,0.1,2294.9100000000003,2065,2015,50,16.8,40,300,1.0,0
15.914285714285715,13.021677374004206,12.0,48.0,7.0,23.5,0.2,0.0,0.0,169.56408163265306,2041,2071,-30,27.2,203,300,0.5,1
16.62857142857143,17.93493910824139,13.0,92.0,4.0,25.0,0.2857142857142857,0.0,0.0,321.66204081632645,2071,2041,30,16.9,203,300,0.5,0
47.82142857142857,58.423975980651605,19.5,188.0,3.0,85.5,0.14285714285714285,0.0,0.21428571428571427,3413.3609693877556,2009,2053,-44,25.7,56,900,0.0,1
29.5,36.53618558556513,19.5,137.0,0.0,43.25,0.5714285714285714,0.0,0.07142857142857142,1334.892857142857,2053,2009,44,26.7,56,900,1.0,0
13.105263157894736,20.398386770170937,1.0,78.0,0.0,23.5,0.5263157894736842,0.0,0.0,416.0941828254847,2226,1998,228,18.1,37,300,1.0,1
19.444444444444443,30.23100362619332,6.0,117.0,0.0,26.5,0.5555555555555556,0.0,0.05555555555555555,913.9135802469136,1998,2226,-228,21.8,37,300,0.0,0
368.7142857142857,1753.3901622926055,17.0,9476.0,1.5,38.0,0.25,0.07142857142857142,0.0,3074377.0612244895,2220,2109,111,28.9,56,300,0.0,1
15.571428571428571,30.229395073845133,3.0,151.0,0.0,19.25,0.5714285714285714,0.0,0.03571428571428571,913.8163265306124,2109,2220,-111,16.8,56,300,1.0,0
47.91428571428571,59.52640299112004,28.0,253.0,4.5,76.0,0.37142857142857144,0.05714285714285714,0.08571428571428572,3543.392653061225,1996,2059,-63,23.5,82,300,0.0,1
28.2,33.190187878777834,14.0,142.0,3.5,40.5,0.3142857142857143,0.0,0.08571428571428572,1101.5885714285712,2059,1996,63,18.2,82,300,1.0,0
32.17142857142857,44.38048845046707,11.0,189.0,0.0,57.5,0.42857142857142855,0.0,0.05714285714285714,1969.6277551020407,2245,1935,310,22.5,94,300,0.0,1
21.65714285714286,30.86277726336635,11.0,139.0,0.0,30.0,0.6285714285714286,0.0,0.02857142857142857,952.5110204081631,1935,2245,-310,21.8,94,300,1.0,0
27.714285714285715,42.54447852614043,14.0,189.0,4.0,28.0,0.37142857142857144,0.0,0.08571428571428572,1810.032653061224,2024,2356,-332,28.1,83,900,0.0,1
15.885714285714286,21.019407941330833,5.0,86.0,0.0,27.0,0.5428571428571428,0.0,0.0,441.81551020408165,2356,2024,332,61.4,83,900,1.0,0
328.0,1578.173192333465,22.0,9109.0,4.0,81.0,0.34375,0.0625,0.09375,2490630.625,2093,2031,62,28.2,65,900,0.0,1
307.7878787878788,1578.8216503105853,10.0,9236.0,0.0,52.0,0.6060606060606061,0.030303030303030304,0.030303030303030304,2492677.80348944,2031,2093,-62,31.9,65,900,1.0,0
41.65714285714286,44.714294842536724,32.0,173.0,4.5,58.0,0.37142857142857144,0.0,0.17142857142857143,1999.368163265306,2124,1949,175,17.8,110,300,1.0,1
40.714285714285715,56.784591183862254,19.0,213.0,3.0,53.0,0.4,0.05714285714285714,0.08571428571428572,3224.4897959183672,1949,2124,-175,22.7,110,300,0.0,0
31.208333333333332,39.44403119893075,11.0,130.0,0.0,48.0,0.4583333333333333,0.0,0.08333333333333333,1555.8315972222226,2227,2043,184,42.5,49,900,0.0,1
10.36,17.90392135818296,0.0,64.0,0.0,9.0,0.6,0.0,0.0,320.55039999999997,2043,2227,-184,38.6,49,900,1.0,0
15.342857142857143,20.81200595417786,6.0,81.0,0.0,18.5,0.45714285714285713,0.0,0.0,433.13959183673467,2805,2699,106,30.6,146,180,0.5,1
14.085714285714285,25.639669519344906,3.0,108.0,0.0,13.0,0.45714285714285713,0.0,0.02857142857142857,657.3926530612243,2699,2805,-106,26.7,146,180,0.5,0
32.22857142857143,74.31711424286976,13.0,446.0,2.5,33.0,0.34285714285714286,0.02857142857142857,0.02857142857142857,5523.033469387755,2059,1959,100,21.9,86,300,0.0,1
19.62857142857143,24.91251631986932,7.0,91.0,1.5,28.5,0.2857142857142857,0.0,0.0,620.6334693877551,1959,2059,-100,18.5,86,300,1.0,0
47.54545454545455,53.18127427849297,31.0,215.0,10.0,51.0,0.21212121212121213,0.030303030303030304,0.15151515151515152,2828.2479338842977,2036,2079,-43,22.2,66,300,0.5,1
42.42424242424242,49.21445359452746,24.0,185.0,2.0,62.0,0.36363636363636365,0.0,0.12121212121212122,2422.062442607897,2079,2036,43,17.1,66,300,0.5,0
18.82857142857143,27.64518631752393,1.0,98.0,0.0,28.0,0.6857142857142857,0.0,0.0,764.2563265306122,3007,2958,49,36.9,111,0,0.5,1
16.114285714285714,27.76922389838015,4.0,104.0,0.0,11.0,0.6,0.0,0.02857142857142857,771.1297959183673,2958,3007,-49,24.9,111,0,0.5,0
30.058823529411764,42.00906147100576,3.0,157.0,0.0,47.0,0.4117647058823529,0.0,0.058823529411764705,1764.7612456747404,2496,1720,776,40.8,34,300,1.0,1
63.411764705882355,66.94427781505998,41.0,227.0,20.0,93.0,0.23529411764705882,0.058823529411764705,0.11764705882352941,4481.5363321799305,1720,2496,-776,342.1,34,300,0.0,0
41.25714285714286,65.66292402746572,24.0,323.0,3.5,45.5,0.4,0.05714285714285714,0.02857142857142857,4311.619591836735,2097,1980,117,23.7,113,0,0.0,1
29.314285714285713,38.723762677694005,18.0,173.0,0.0,36.5,0.37142857142857144,0.0,0.05714285714285714,1499.5297959183672,1980,2097,-117,23.2,113,0,1.0,0
29.20689655172414,57.398413597172336,3.0,288.0,0.0,30.0,0.5517241379310345,0.034482758620689655,0.034482758620689655,3294.577883472058,2701,2937,-236,58.4,59,60,0.0,1
310.7,1623.8519051933274,0.0,9055.0,0.0,12.75,0.7666666666666667,0.03333333333333333,0.0,2636895.009999999,2937,2701,236,39.8,59,60,1.0,0
31.0,47.50278187342595,10.0,176.0,1.0,35.5,0.5428571428571428,0.0,0.11428571428571428,2256.5142857142855,2726,2816,-90,44.6,109,180,0.0,1
14.82857142857143,28.148063332807734,0.0,120.0,0.0,14.5,0.6857142857142857,0.0,0.02857142857142857,792.3134693877552,2816,2726,90,29.4,109,180,1.0,0
411.2307692307692,1874.7218728632033,21.5,9779.0,0.0,49.25,0.5384615384615384,0.07692307692307693,0.0,3514582.1005917164,1940,2126,-186,24.4,53,300,0.0,1
13.814814814814815,21.316029504919424,0.0,72.0,0.0,19.5,0.6296296296296297,0.0,0.0,454.3731138545954,2126,1940,186,16.7,53,300,1.0,0
21.571428571428573,23.041931608372114,12.0,72.0,0.0,43.5,0.42857142857142855,0.0,0.0,530.9306122448979,2814,2742,72,34.8,251,180,0.5,1
15.142857142857142,16.572167471211408,10.0,62.0,0.0,25.5,0.5142857142857142,0.0,0.0,274.63673469387754,2742,2814,-72,31.6,251,180,0.5,0
32.54545454545455,43.27788357361725,15.0,170.0,1.0,43.75,0.45454545454545453,0.0,0.09090909090909091,1872.9752066115698,2019,2043,-24,24.2,44,300,1.0,1
40.86363636363637,79.94048664449497,13.0,384.0,2.5,43.75,0.2727272727272727,0.045454545454545456,0.0,6390.481404958678,2043,2019,24,18.2,44,300,0.0,0
21.88,32.796731544469495,3.0,126.0,0.0,32.0,0.6,0.0,0.04,1075.6256000000003,2243,1991,252,49.1,50,900,1.0,1
46.52,61.74341746291664,17.0,260.0,0.0,62.0,0.16,0.04,0.12,3812.2495999999996,1991,2243,-252,68.2,50,900,0.0,0
58.88461538461539,88.86347649974822,1.5,375.0,0.0,87.25,0.46153846153846156,0.07692307692307693,0.15384615384615385,7896.717455621303,2058,2048,10,27.5,52,300,0.0,1
33.07692307692308,82.599554420908,3.0,425.0,0.0,25.0,0.6153846153846154,0.038461538461538464,0.0,6822.686390532544,2048,2058,-10,16.4,52,300,1.0,0
35.08571428571429,46.046170263316874,23.0,168.0,2.0,44.5,0.4,0.0,0.11428571428571428,2120.2497959183675,2114,2348,-234,38.9,81,900,1.0,1
36.82857142857143,61.64899985947436,24.0,347.0,0.0,48.5,0.34285714285714286,0.02857142857142857,0.05714285714285714,3800.5991836734697,2348,2114,234,62.6,81,900,0.0,0
20.257142857142856,42.17334490419467,1.0,180.0,0.0,19.0,0.6,0.0,0.05714285714285714,1778.5910204081629,2240,1996,244,49.4,71,900,1.0,1
307.2,1589.0764217889944,7.0,9567.0,0.0,55.0,0.6,0.05714285714285714,0.05714285714285714,2525163.8742857142,1996,2240,-244,69.0,71,900,0.0,0
18.97142857142857,23.199120321112808,8.0,84.0,0.0,34.5,0.4,0.0,0.0,538.1991836734693,2194,1894,300,36.4,108,0,1.0,1
29.714285714285715,73.16696031428839,8.0,431.0,0.0,26.5,0.4857142857142857,0.02857142857142857,0.0,5353.404081632652,1894,2194,-300,22.1,108,0,0.0,0
25.157894736842106,46.392221623315415,8.0,189.0,0.0,16.0,0.7368421052631579,0.0,0.05263157894736842,2152.2382271468146,2179,1946,233,30.5,37,300,1.0,1
54.833333333333336,104.71508964805406,9.5,424.0,0.5,41.0,0.3888888888888889,0.1111111111111111,0.05555555555555555,10965.25,1946,2179,-233,21.3,37,300,0.0,0
28.085714285714285,42.141510874380266,10.0,182.0,0.5,35.0,0.42857142857142855,0.0,0.08571428571428572,1775.90693877551,2198,1810,388,28.7,109,300,0.0,1
19.97142857142857,33.3676367708813,7.0,156.0,0.0,22.5,0.4857142857142857,0.0,0.05714285714285714,1113.3991836734695,1810,2198,-388,21.2,109,300,1.0,0
31.514285714285716,44.65126549387018,20.0,201.0,5.0,36.0,0.42857142857142855,0.02857142857142857,0.02857142857142857,1993.7355102040817,2099,1996,103,19.8,98,300,0.0,1
27.17142857142857,71.0442460580671,1.0,376.0,0.0,12.0,0.6857142857142857,0.02857142857142857,0.05714285714285714,5047.284897959183,1996,2099,-103,25.3,98,300,1.0,0
22.914285714285715,23.54736433970772,20.0,99.0,3.0,36.0,0.4857142857142857,0.0,0.0,554.4783673469389,2723,2938,-215,54.3,113,60,0.0,1
18.514285714285716,23.85835753965046,7.0,85.0,0.0,32.5,0.6857142857142857,0.0,0.0,569.2212244897959,2938,2723,215,40.6,113,60,1.0,0
377.2142857142857,1696.52965864233,26.0,9187.0,12.25,74.5,0.5357142857142857,0.07142857142857142,0.14285714285714285,2878212.882653061,1946,2093,-147,27.6,57,900,0.0,1
30.103448275862068,51.02625749187015,4.0,225.0,0.0,36.0,0.5862068965517241,0.034482758620689655,0.06896551724137931,2603.6789536266347,2093,1946,147,28.4,57,900,1.0,0
45.2,75.20630672642137,26.0,435.0,3.0,46.5,0.3142857142857143,0.02857142857142857,0.08571428571428572,5655.988571428573,2114,1904,210,18.6,111,300,1.0,1
27.8,35.31474803211016,9.0,142.0,0.0,42.5,0.5142857142857142,0.0,0.05714285714285714,1247.1314285714286,1904,2114,-210,19.6,111,300,0.0,0
43.34285714285714,59.18877444590454,18.0,252.0,2.5,51.5,0.45714285714285713,0.02857142857142857,0.14285714285714285,3503.3110204081627,2116,2178,-62,42.0,88,60,0.5,1
33.0,37.27733896082176,24.0,157.0,5.0,51.5,0.34285714285714286,0.0,0.08571428571428572,1389.6,2178,2116,62,41.0,88,60,0.5,0
23.92,44.29259080252588,5.0,202.0,0.0,26.0,0.72,0.04,0.0,1961.8336,2188,1812,376,28.6,49,300,1.0,1
428.5833333333333,1887.1951832606562,19.0,9476.0,1.5,45.75,0.4166666666666667,0.08333333333333333,0.041666666666666664,3561505.6597222215,1812,2188,-376,21.1,49,300,0.0,0
55.42857142857143,59.788334129319765,40.0,246.0,8.5,75.0,0.37142857142857144,0.02857142857142857,0.11428571428571428,3574.644897959183,2233,2133,100,26.5,81,300,1.0,1
41.6,53.00037735714719,18.0,208.0,0.0,67.5,0.37142857142857144,0.02857142857142857,0.05714285714285714,2809.0400000000004,2133,2233,-100,17.2,81,300,0.0,0
605.1818181818181,2272.9643367270546,0.0,9619.0,0.0,53.0,0.696969696969697,0.09090909090909091,0.0,5166366.876033058,2396,2459,-63,43.5,67,900,0.0,1
9.058823529411764,23.950857993314496,0.0,103.0,0.0,0.75,0.6764705882352942,0.0,0.029411764705882353,573.6435986159169,2459,2396,63,98.6,67,900,1.0,0
46.588235294117645,59.93826120024956,22.0,242.0,2.75,64.5,0.5,0.058823529411764705,0.08823529411764706,3592.5951557093426,1970,2078,-108,23.3,67,300,1.0,1
59.06060606060606,87.39563105158872,18.0,356.0,0.0,70.0,0.3939393939393939,0.06060606060606061,0.06060606060606061,7637.996326905418,2078,1970,108,19.1,67,300,0.0,0
36.114285714285714,36.01330819776126,33.0,107.0,0.0,66.5,0.3142857142857143,0.0,0.08571428571428572,1296.9583673469385,2037,2102,-65,25.8,95,300,0.0,1
21.114285714285714,23.98424653043437,12.0,88.0,1.5,35.0,0.5714285714285714,0.0,0.0,575.2440816326531,2102,2037,65,16.3,95,300,1.0,0
2.0714285714285716,2.433817862485831,1.0,7.0,0.0,2.75,0.35714285714285715,0.0,0.0,5.923469387755101,2793,2857,-64,37.2,29,300,0.5,1
6.666666666666667,7.462498836776384,5.0,24.0,1.0,8.5,0.4666666666666667,0.0,0.0,55.68888888888888,2857,2793,64,28.3,29,300,0.5,0
35.08571428571429,51.418935605237,14.0,271.0,6.0,42.5,0.2857142857142857,0.02857142857142857,0.05714285714285714,2643.90693877551,2084,2040,44,28.1,89,900,1.0,1
32.542857142857144,70.41280032053541,8.0,388.0,0.5,29.5,0.37142857142857144,0.02857142857142857,0.02857142857142857,4957.962448979592,2040,2084,-44,31.8,89,900,0.0,0
36.7037037037037,49.21066943542405,12.0,158.0,0.0,67.5,0.48148148148148145,0.0,0.1111111111111111,2421.689986282579,2158,1929,229,29.0,53,0,1.0,1
40.76923076923077,82.48184307997623,1.0,338.0,0.0,33.5,0.6153846153846154,0.07692307692307693,0.07692307692307693,6803.254437869822,1929,2158,-229,28.9,53,0,0.0,0
60.80952380952381,73.31187069968634,26.0,209.0,4.0,63.0,0.2857142857142857,0.09523809523809523,0.14285714285714285,5374.630385487529,2119,2140,-21,31.8,42,300,0.0,1
14.571428571428571,29.20138846759472,1.0,132.0,0.0,14.0,0.6190476190476191,0.0,0.047619047619047616,852.7210884353741,2140,2119,21,17.3,42,300,1.0,0
327.5,1577.8745791411939,24.5,9106.0,0.0,78.0,0.28125,0.0625,0.09375,2489688.1875,2035,2070,-35,35.1,65,900,0.0,1
296.6363636363636,1587.6980252188218,4.0,9277.0,0.0,29.0,0.6363636363636364,0.030303030303030304,0.0,2520785.0192837464,2070,2035,35,47.5,65,900,1.0,0
350.22857142857146,1559.9147061978244,54.0,9430.0,1.5,125.5,0.3142857142857143,0.14285714285714285,0.17142857142857143,2433333.890612245,2036,2030,6,25.5,76,300,0.0,1
76.8,104.58702459811023,44.0,403.0,0.5,84.5,0.37142857142857144,0.08571428571428572,0.14285714285714285,10938.445714285714,2030,2036,-6,16.5,76,300,1.0,0
40.42857142857143,43.76840720642865,31.0,207.0,7.0,61.0,0.34285714285714286,0.02857142857142857,0.05714285714285714,1915.6734693877552,2113,1999,114,39.8,142,900,0.5,1
34.65714285714286,39.49679397994067,25.0,160.0,2.0,54.5,0.3142857142857143,0.0,0.08571428571428572,1559.9967346938774,1999,2113,-114,32.2,142,900,0.5,0
25.02857142857143,29.98331508811975,13.0,109.0,6.0,30.5,0.5142857142857142,0.0,0.02857142857142857,898.9991836734695,2019,2053,-34,25.6,126,300,1.0,1
30.8,43.19378262137801,10.0,151.0,0.0,47.5,0.45714285714285713,0.0,0.11428571428571428,1865.702857142857,2053,2019,34,16.6,126,300,0.0,0
27.533333333333335,42.24589394906392,0.5,174.0,0.0,41.5,0.4,0.0,0.1,1784.7155555555557,2082,2067,15,22.5,60,300,1.0,1
36.63333333333333,45.12462988460096,21.0,162.0,0.0,48.75,0.3333333333333333,0.0,0.13333333333333333,2036.232222222222,2067,2082,-15,18.4,60,300,0.0,0
31.114285714285714,70.03622386352097,7.0,372.0,0.0,28.0,0.4857142857142857,0.02857142857142857,0.05714285714285714,4905.0726530612255,2090,1996,94,24.0,71,300,1.0,1
33.0,56.813982182457266,15.0,296.0,0.0,31.0,0.42857142857142855,0.02857142857142857,0.05714285714285714,3227.8285714285716,1996,2090,-94,18.1,71,300,0.0,0
14.571428571428571,21.151542617550167,4.5,70.0,0.0,21.75,0.5,0.0,0.0,447.3877551020409,2804,1791,1013,66.0,28,900,1.0,1
10.857142857142858,14.287142785721427,4.5,50.0,0.0,15.75,0.5,0.0,0.0,204.1224489795918,1791,2804,-1013,52.3,28,900,0.0,0
36.541666666666664,38.00436287088921,25.0,136.0,7.0,55.25,0.375,0.0,0.08333333333333333,1444.3315972222226,2125,1910,215,34.2,47,900,0.5,1
32.65217391304348,33.383943935152516,20.0,108.0,0.5,47.5,0.17391304347826086,0.0,0.08695652173913043,1114.4877126654067,1910,2125,-215,32.4,47,900,0.5,0
15.657142857142857,23.695620881918074,2.0,88.0,0.0,20.5,0.6,0.0,0.0,561.4824489795918,2807,2668,139,47.0,203,180,0.5,1
9.371428571428572,13.963392371863373,3.0,52.0,0.0,13.0,0.6285714285714286,0.0,0.0,194.97632653061223,2668,2807,-139,28.3,203,180,0.5,0
36.869565217391305,37.884612395175736,31.0,130.0,0.0,62.5,0.391304347826087,0.0,0.08695652173913043,1435.243856332703,2191,2087,104,34.1,46,300,1.0,1
52.95652173913044,64.38368566031343,29.0,265.0,0.5,76.5,0.2608695652173913,0.043478260869565216,0.17391304347826086,4145.258979206049,2087,2191,-104,18.4,46,300,0.0,0
23.942857142857143,25.630275464929422,17.0,112.0,2.5,40.5,0.4857142857142857,0.0,0.02857142857142857,656.9110204081632,2239,1941,298,22.6,73,300,1.0,1
23.942857142857143,32.651355567696775,17.0,180.0,2.0,34.0,0.37142857142857144,0.0,0.02857142857142857,1066.1110204081633,1941,2239,-298,21.9,73,300,0.0,0
50.91428571428571,70.82790871585313,31.0,363.0,1.0,74.0,0.2857142857142857,0.02857142857142857,0.11428571428571428,5016.592653061224,2121,1910,211,47.0,106,120,1.0,1
66.28571428571429,89.0080482488029,33.0,398.0,7.5,80.5,0.2571428571428571,0.11428571428571428,0.08571428571428572,7922.432653061224,1910,2121,-211,30.5,106,120,0.0,0
48.16,73.77245014231262,7.0,301.0,0.0,72.0,0.4,0.08,0.04,5442.374400000001,1882,2291,-409,29.1,51,900,0.0,1
17.53846153846154,28.094936265935576,3.0,97.0,0.0,20.0,0.7307692307692307,0.0,0.0,789.3254437869821,2291,1882,409,41.1,51,900,1.0,0
21.09090909090909,23.704447398036532,16.5,92.0,0.0,34.25,0.5909090909090909,0.0,0.0,561.9008264462809,2189,1826,363,30.3,43,300,1.0,1
37.23809523809524,36.83671145281018,25.0,119.0,8.0,53.0,0.14285714285714285,0.0,0.14285714285714285,1356.9433106575964,1826,2189,-363,20.8,43,300,0.0,0
47.48571428571429,68.32960932278247,23.0,245.0,2.0,51.0,0.5142857142857142,0.11428571428571428,0.02857142857142857,4668.935510204082,2195,1984,211,18.6,88,300,1.0,1
47.57142857142857,81.77051012761638,9.0,337.0,3.5,53.0,0.42857142857142855,0.08571428571428572,0.02857142857142857,6686.416326530613,1984,2195,-211,23.1,88,300,0.0,0
30.136363636363637,45.0316004748034,3.0,173.0,0.0,39.5,0.45454545454545453,0.0,0.09090909090909091,2027.8450413223136,2265,1754,511,43.5,44,900,1.0,1
58.27272727272727,82.04000233709819,34.5,359.0,0.0,76.0,0.3181818181818182,0.045454545454545456,0.09090909090909091,6730.561983471075,1754,2265,-511,43.1,44,900,0.0,0
26.942857142857143,46.5261480135589,9.0,236.0,0.0,36.0,0.5428571428571428,0.02857142857142857,0.02857142857142857,2164.6824489795913,3029,2975,54,42.3,106,0,1.0,1
19.314285714285713,47.08458736515526,0.0,262.0,0.0,12.0,0.7142857142857143,0.02857142857142857,0.0,2216.9583673469383,2975,3029,-54,35.0,106,0,0.0,0
42.15384615384615,88.74409722848844,9.5,432.0,2.0,39.0,0.5384615384615384,0.038461538461538464,0.038461538461538464,7875.51479289941,2012,2049,-37,23.2,52,300,1.0,1
44.92307692307692,81.86100935165048,4.5,362.0,0.0,40.25,0.5769230769230769,0.038461538461538464,0.15384615384615385,6701.224852071006,2049,2012,37,17.9,52,300,0.0,0
24.233333333333334,30.505391144663083,8.0,104.0,0.0,44.25,0.36666666666666664,0.0,0.03333333333333333,930.5788888888889,2055,1975,80,17.8,59,300,1.0,1
364.44827586206895,1745.4169462595837,8.0,9597.0,0.0,66.0,0.27586206896551724,0.034482758620689655,0.13793103448275862,3046480.316290131,1975,2055,-80,24.9,59,300,0.0,0
13.657142857142857,17.23607986113988,8.0,77.0,0.5,18.0,0.37142857142857144,0.0,0.0,297.0824489795918,2970,2933,37,47.0,183,0,0.5,1
19.057142857142857,25.318477563282688,12.0,97.0,0.0,29.0,0.37142857142857144,0.0,0.0,641.0253061224489,2933,2970,-37,40.1,183,0,0.5,0
24.045454545454547,39.36712665609499,4.5,162.0,0.0,29.75,0.5,0.0,0.045454545454545456,1549.7706611570245,1990,2011,-21,28.5,44,900,1.0,1
474.59090909090907,1938.5656520195755,33.5,9353.0,0.75,93.75,0.18181818181818182,0.13636363636363635,0.13636363636363635,3758036.7871900816,2011,1990,21,31.7,44,900,0.0,0
23.11111111111111,39.56647789277567,7.0,185.0,0.0,27.5,0.6296296296296297,0.0,0.037037037037037035,1565.506172839506,2101,1986,115,23.8,55,300,1.0,1
34.035714285714285,53.93414115041281,14.0,273.0,0.75,55.75,0.35714285714285715,0.03571428571428571,0.0,2908.891581632653,1986,2101,-115,18.1,55,300,0.0,0
60.0,99.68063288035731,26.0,519.0,5.0,67.5,0.2857142857142857,0.08571428571428572,0.05714285714285714,9936.228571428572,2174,1832,342,37.7,102,60,0.5,1
44.34285714285714,69.3001516622306,22.0,375.0,4.0,55.0,0.37142857142857144,0.02857142857142857,0.08571428571428572,4802.511020408163,1832,2174,-342,47.0,102,60,0.5,0
46.411764705882355,59.65790596345666,18.0,213.0,11.0,50.0,0.5294117647058824,0.058823529411764705,0.11764705882352941,3559.0657439446377,2105,2020,85,24.7,34,900,1.0,1
637.0,2169.7298557790145,72.0,9308.0,26.0,152.0,0.29411764705882354,0.23529411764705882,0.17647058823529413,4707727.647058823,2020,2105,-85,24.7,34,900,0.0,0
1.8571428571428572,3.481730744843983,0.0,13.0,0.0,2.0,0.5,0.0,0.0,12.122448979591837,2879,2855,24,35.9,29,300,0.5,1
4.333333333333333,6.0736223860962,1.0,16.0,0.0,6.0,0.7333333333333333,0.0,0.0,36.8888888888889,2855,2879,-24,30.2,29,300,0.5,0
35.51428571428571,65.3655092225125,3.0,293.0,0.0,47.5,0.5428571428571428,0.05714285714285714,0.05714285714285714,4272.649795918367,2095,1919,176,19.3,142,300,0.0,1
23.114285714285714,32.31697601533148,14.0,147.0,0.0,29.0,0.42857142857142855,0.0,0.05714285714285714,1044.38693877551,1919,2095,-176,23.6,142,300,1.0,0
53.63157894736842,115.79392335947776,13.0,524.0,2.5,44.5,0.3157894736842105,0.05263157894736842,0.05263157894736842,13408.232686980607,2214,2000,214,18.2,37,300,0.0,1
23.333333333333332,26.870057685088806,14.5,79.0,0.25,34.75,0.5555555555555556,0.0,0.0,722.0,2000,2214,-214,22.3,37,300,1.0,0
49.0,45.41931621803972,44.0,180.0,9.0,73.5,0.22857142857142856,0.0,0.11428571428571428,2062.9142857142856,2012,2107,-95,24.0,159,300,0.0,1
29.97142857142857,32.481630601474,17.0,120.0,0.0,53.5,0.3142857142857143,0.0,0.02857142857142857,1055.0563265306123,2107,2012,95,16.9,159,300,1.0,0
10.342857142857143,12.662527071510437,7.0,43.0,0.0,14.5,0.5142857142857142,0.0,0.0,160.3395918367347,3005,2958,47,52.5,104,0,1.0,1
9.457142857142857,12.572857061697535,6.0,61.0,0.0,13.5,0.5714285714285714,0.0,0.0,158.07673469387757,2958,3005,-47,45.3,104,0,0.0,0
24.09090909090909,34.24454270733017,11.0,151.0,0.0,35.0,0.3939393939393939,0.0,0.030303030303030304,1172.6887052341597,2233,1970,263,20.0,65,300,1.0,1
23.65625,27.948176790937545,12.0,96.0,0.0,30.5,0.375,0.0,0.0,781.1005859375,1970,2233,-263,21.7,65,300,0.0,0
22.115384615384617,24.333147577038144,16.0,94.0,5.5,26.0,0.5769230769230769,0.0,0.0,592.1020710059173,2143,1962,181,24.7,51,900,1.0,1
42.24,64.25280071716718,23.0,268.0,2.0,50.0,0.4,0.08,0.0,4128.4223999999995,1962,2143,-181,24.8,51,900,0.0,0
21.939393939393938,36.00836552124351,5.0,188.0,0.0,27.0,0.45454545454545453,0.0,0.030303030303030304,1296.6023875114786,2013,2103,-90,30.5,65,900,1.0,1
36.90625,45.07588003508639,24.0,184.0,3.5,55.5,0.3125,0.0,0.0625,2031.8349609375,2103,2013,90,36.9,65,900,0.0,0
60.542857142857144,79.46799638206308,38.0,337.0,13.0,66.5,0.34285714285714286,0.08571428571428572,0.02857142857142857,6315.162448979591,1976,2029,-53,26.1,104,900,1.0,1
72.25714285714285,89.28392683925104,43.0,429.0,12.5,99.0,0.3142857142857143,0.05714285714285714,0.17142857142857143,7971.619591836733,2029,1976,53,26.6,104,900,0.0,0
34.904761904761905,58.27349700777138,17.0,248.0,0.0,36.0,0.47619047619047616,0.047619047619047616,0.047619047619047616,3395.80045351474,2747,1535,1212,35.2,41,300,1.0,1
510.6,1987.4757206064178,20.0,9167.0,4.5,71.75,0.5,0.15,0.1,3950059.7399999998,1535,2747,-1212,28.3,41,300,0.0,0
21.6,31.899126723380462,6.0,113.0,0.0,30.5,0.5714285714285714,0.0,0.08571428571428572,1017.5542857142856,2782,2739,43,32.5,108,180,1.0,1
18.428571428571427,24.61391675372255,7.0,84.0,0.0,30.5,0.5142857142857142,0.0,0.0,605.8448979591835,2739,2782,-43,26.0,108,180,0.0,0
423.7307692307692,1797.0618232953373,38.0,9398.0,0.0,72.25,0.5384615384615384,0.11538461538461539,0.07692307692307693,3229431.1967455624,2017,2001,16,23.9,53,300,0.0,1
21.444444444444443,37.009841867559075,0.0,125.0,0.0,22.0,0.6666666666666666,0.0,0.1111111111111111,1369.7283950617284,2001,2017,-16,18.1,53,300,1.0,0
47.0,48.92326352856803,34.0,186.0,2.5,69.0,0.2857142857142857,0.0,0.17142857142857143,2393.4857142857145,1663,2346,-683,23.7,84,900,0.0,1
34.48571428571429,60.80243013403397,16.0,308.0,0.0,40.0,0.4,0.05714285714285714,0.0,3696.9355102040818,2346,1663,683,71.3,84,900,1.0,0
32.77142857142857,41.807098313417484,19.0,151.0,0.5,42.0,0.37142857142857144,0.0,0.11428571428571428,1747.8334693877553,2121,1898,223,21.7,83,300,1.0,1
30.34285714285714,36.59894054449653,13.0,129.0,3.5,47.5,0.34285714285714286,0.0,0.08571428571428572,1339.4824489795917,1898,2121,-223,20.5,83,300,0.0,0
41.34285714285714,48.653258799763194,19.0,212.0,3.5,63.0,0.37142857142857144,0.02857142857142857,0.11428571428571428,2367.1395918367343,2001,2021,-20,30.3,91,900,1.0,1
31.34285714285714,44.4579691439922,5.0,145.0,0.0,47.5,0.6,0.0,0.14285714285714285,1976.511020408163,2021,2001,20,44.9,91,900,0.0,0
24.264705882352942,32.70124014875332,9.0,115.0,0.0,26.75,0.47058823529411764,0.0,0.029411764705882353,1069.371107266436,2239,1991,248,19.5,68,300,1.0,1
39.470588235294116,49.449460411091415,19.5,220.0,0.25,63.5,0.38235294117647056,0.029411764705882353,0.08823529411764706,2445.249134948097,1991,2239,-248,22.4,68,300,0.0,0
16.97142857142857,24.915268656887847,6.0,112.0,0.0,22.5,0.5428571428571428,0.0,0.02857142857142857,620.7706122448978,2481,2615,-134,40.8,108,300,1.0,1
8.285714285714286,14.91992230652201,2.0,74.0,0.0,11.5,0.4857142857142857,0.0,0.0,222.60408163265305,2615,2481,134,84.5,108,300,0.0,0
25.228571428571428,35.09911330934217,9.0,142.0,0.0,34.5,0.4,0.0,0.05714285714285714,1231.9477551020407,2015,2084,-69,24.1,149,300,1.0,1
32.08571428571429,42.772735928106236,11.0,178.0,1.0,52.0,0.22857142857142856,0.0,0.05714285714285714,1829.5069387755102,2084,2015,69,16.6,149,300,0.0,0
360.9428571428571,1625.034715107995,48.0,9815.0,16.0,95.0,0.2857142857142857,0.14285714285714285,0.08571428571428572,2640737.825306122,2101,2112,-11,39.2,80,60,1.0,1
381.2857142857143,1642.4813905695694,36.0,9922.0,2.5,148.0,0.34285714285714286,0.17142857142857143,0.17142857142857143,2697745.1183673465,2112,2101,11,40.2,80,60,0.0,0
17.485714285714284,29.1463023173697,7.0,140.0,0.0,21.5,0.4857142857142857,0.0,0.05714285714285714,849.5069387755102,3054,2976,78,36.2,132,0,0.5,1
10.685714285714285,16.85530256298581,3.0,68.0,0.0,12.0,0.6285714285714286,0.0,0.0,284.1012244897959,2976,3054,-78,32.3,132,0,0.5,0
49.61538461538461,72.61917362995962,9.5,250.0,0.0,60.75,0.46153846153846156,0.07692307692307693,0.11538461538461539,5273.544378698223,1958,2145,-187,25.5,52,300,0.0,1
37.15384615384615,70.19023179227473,0.5,284.0,0.0,32.25,0.5,0.07692307692307693,0.038461538461538464,4926.668639053254,2145,1958,187,17.4,52,300,1.0,0
53.2,75.30577667085043,27.0,391.0,12.5,57.0,0.37142857142857144,0.02857142857142857,0.11428571428571428,5670.960000000001,2032,2030,2,25.2,114,900,0.0,1
51.6,69.38348918459327,25.0,300.0,0.0,78.5,0.45714285714285713,0.05714285714285714,0.02857142857142857,4814.068571428571,2030,2032,-2,26.1,114,900,1.0,0
84.75,204.46041792973034,2.0,804.0,0.0,41.75,0.4375,0.125,0.0,41804.0625,2080,2200,-120,37.4,32,60,0.0,1
44.1875,55.05590198834272,12.5,157.0,0.0,102.5,0.4375,0.0,0.25,3031.15234375,2200,2080,120,34.9,32,60,1.0,0
49.51428571428571,64.40335902001715,25.0,307.0,2.5,62.5,0.2,0.02857142857142857,0.14285714285714285,4147.792653061225,1973,2058,-85,24.4,70,300,0.0,1
24.914285714285715,29.58993209915584,8.0,97.0,1.0,34.0,0.5142857142857142,0.0,0.0,875.564081632653,2058,1973,85,19.2,70,300,1.0,0
12.9,13.931618714277247,7.0,38.0,0.5,24.25,0.6,0.0,0.0,194.09,2061,1942,119,23.1,20,300,1.0,1
58.2,101.80942981865678,6.5,337.0,1.25,50.25,0.2,0.1,0.1,10365.16,1942,2061,-119,23.0,20,300,0.0,0
15.285714285714286,19.734771964474177,11.0,91.0,0.5,17.5,0.37142857142857144,0.0,0.0,389.46122448979594,2218,2006,212,18.1,69,300,1.0,1
24.176470588235293,50.26369909155893,3.5,269.0,0.25,23.5,0.4117647058823529,0.029411764705882353,0.029411764705882353,2526.439446366782,2006,2218,-212,21.8,69,300,0.0,0
27.36842105263158,34.46922429969544,18.0,132.0,0.0,45.0,0.42105263157894735,0.0,0.05263157894736842,1188.1274238227147,2113,2009,104,25.1,37,900,1.0,1
56.77777777777778,74.34720016812675,21.5,273.0,2.25,74.5,0.4444444444444444,0.05555555555555555,0.1111111111111111,5527.506172839507,2009,2113,-104,25.2,37,900,0.0,0
44.6,75.70174559225359,10.0,271.0,0.0,40.5,0.4857142857142857,0.05714285714285714,0.11428571428571428,5730.754285714285,2220,2009,211,18.7,81,300,0.5,1
42.885714285714286,77.5808413126302,5.0,286.0,0.0,34.5,0.5428571428571428,0.08571428571428572,0.08571428571428572,6018.786938775509,2009,2220,-211,19.4,81,300,0.5,0
513.3809523809524,2126.5338100654485,3.0,10021.0,0.0,86.0,0.42857142857142855,0.047619047619047616,0.14285714285714285,4522146.045351474,2202,2082,120,28.4,42,300,0.0,1
43.38095238095238,53.82995819330507,11.0,144.0,0.0,82.0,0.5238095238095238,0.0,0.19047619047619047,2897.664399092971,2082,2202,-120,18.1,42,300,1.0,0
20.542857142857144,57.42241615911873,11.0,348.0,0.0,16.5,0.6285714285714286,0.02857142857142857,0.0,3297.33387755102,3019,2978,41,31.2,144,0,0.5,1
8.542857142857143,11.294354739408172,0.0,43.0,0.0,15.0,0.6,0.0,0.0,127.56244897959184,2978,3019,-41,21.7,144,0,0.5,0
30.333333333333332,25.746628689770024,28.5,85.0,7.75,48.5,0.3333333333333333,0.0,0.0,662.8888888888889,2126,1929,197,44.4,47,120,1.0,1
48.26086956521739,67.98862909487423,28.0,327.0,7.0,66.0,0.13043478260869565,0.043478260869565216,0.043478260869565216,4622.453686200379,1929,2126,-197,29.9,47,120,0.0,0
58.457142857142856,76.91863710892099,26.0,286.0,4.5,81.0,0.5714285714285714,0.08571428571428572,0.11428571428571428,5916.476734693876,2027,1978,49,25.0,121,900,1.0,1
47.142857142857146,67.84778882896327,10.0,280.0,0.0,65.5,0.45714285714285713,0.02857142857142857,0.17142857142857143,4603.322448979593,1978,2027,-49,26.0,121,900,0.0,0
51.08571428571429,82.51627421426686,12.0,399.0,0.0,61.0,0.5142857142857142,0.05714285714285714,0.11428571428571428,6808.935510204082,2118,1938,180,23.6,69,300,1.0,1
344.2352941176471,1753.8110780747893,3.0,10410.0,0.0,63.0,0.3235294117647059,0.08823529411764706,0.058823529411764705,3075853.2975778547,1938,2118,-180,22.1,69,300,0.0,0
30.114285714285714,45.820626315212756,17.0,193.0,0.0,32.0,0.45714285714285713,0.0,0.05714285714285714,2099.5297959183677,2065,1947,118,21.3,100,300,1.0,1
21.742857142857144,34.1721213498814,4.0,143.0,0.0,30.0,0.4857142857142857,0.0,0.05714285714285714,1167.7338775510204,1947,2065,-118,23.1,100,300,0.0,0
24.23076923076923,36.28552126199151,5.0,110.0,2.0,25.0,0.6923076923076923,0.0,0.15384615384615385,1316.639053254438,2245,2056,189,26.3,26,300,1.0,1
772.4615384615385,2410.9782443387076,25.0,9109.0,0.0,92.0,0.46153846153846156,0.15384615384615385,0.07692307692307693,5812816.094674556,2056,2245,-189,17.5,26,300,0.0,0
63.37931034482759,79.48689494809753,36.0,328.0,4.0,80.0,0.2413793103448276,0.06896551724137931,0.1724137931034483,6318.166468489893,2107,1988,119,19.8,58,300,0.0,1
39.93103448275862,46.796648151766064,24.0,164.0,0.0,54.0,0.41379310344827586,0.0,0.13793103448275862,2189.92627824019,1988,2107,-119,25.1,58,300,1.0,0
18.742857142857144,31.943112700229946,10.0,153.0,0.0,15.0,0.5714285714285714,0.0,0.02857142857142857,1020.3624489795917,2777,2753,24,33.4,164,180,0.5,1
17.02857142857143,30.41755669185217,9.0,175.0,2.0,20.5,0.42857142857142855,0.0,0.02857142857142857,925.2277551020406,2753,2777,-24,26.6,164,180,0.5,0
28.485714285714284,32.80450441942511,17.0,137.0,3.5,46.5,0.37142857142857144,0.0,0.02857142857142857,1076.1355102040816,2133,2083,50,30.5,101,300,1.0,1
32.6,32.29082134070211,27.0,142.0,7.5,48.5,0.3142857142857143,0.0,0.02857142857142857,1042.6971428571428,2083,2133,-50,17.0,101,300,0.0,0
401.65384615384613,1718.7232950050163,35.0,8989.0,1.25,105.75,0.5,0.07692307692307693,0.19230769230769232,2954009.7647929,1927,2132,-205,24.3,52,300,0.0,1
28.576923076923077,49.650449743817155,0.0,168.0,0.0,47.5,0.6153846153846154,0.0,0.15384615384615385,2465.167159763313,2132,1927,205,16.9,52,300,1.0,0
6.333333333333333,7.318166133366716,4.0,21.0,0.5,8.25,0.6666666666666666,0.0,0.0,53.55555555555555,2710,2121,589,75.0,12,900,1.0,1
20.5,25.342651794948374,5.0,61.0,1.75,39.75,0.16666666666666666,0.0,0.0,642.25,2121,2710,-589,283.1,12,900,0.0,0
26.68421052631579,24.882994894165115,17.0,97.0,10.0,35.0,0.47368421052631576,0.0,0.0,619.1634349030471,2184,1844,340,30.3,38,300,1.0,1
45.73684210526316,58.54988166221415,17.0,234.0,7.0,57.5,0.2631578947368421,0.05263157894736842,0.10526315789473684,3428.08864265928,1844,2184,-340,20.1,38,300,0.0,0
16.942857142857143,23.12073016289291,4.0,90.0,0.0,26.5,0.45714285714285713,0.0,0.0,534.5681632653061,2239,2022,217,20.2,120,300,1.0,1
10.228571428571428,12.423677197272989,5.0,39.0,0.0,16.0,0.6571428571428571,0.0,0.0,154.34775510204082,2022,2239,-217,25.4,120,300,0.0,0
758.2307692307693,2413.4904552359003,24.0,9105.0,2.0,41.0,0.38461538461538464,0.15384615384615385,0.0,5824936.177514792,2124,2102,22,27.6,26,300,0.0,1
20.692307692307693,34.63298697747926,3.0,107.0,0.0,19.0,0.6153846153846154,0.0,0.07692307692307693,1199.4437869822484,2102,2124,-22,17.9,26,300,1.0,0
16.192307692307693,36.02885513538924,1.0,149.0,0.0,9.5,0.6538461538461539,0.0,0.07692307692307693,1298.0784023668639,2156,1935,221,23.4,52,300,1.0,1
28.192307692307693,74.30861800665635,3.5,383.0,0.0,19.75,0.4230769230769231,0.038461538461538464,0.0,5521.7707100591715,1935,2156,-221,22.0,52,300,0.0,0
38.0,63.23448426293995,2.5,218.0,0.0,49.5,0.5333333333333333,0.03333333333333333,0.16666666666666666,3998.6,2203,2123,80,25.0,59,300,0.5,1
28.79310344827586,56.28522150026707,1.0,242.0,0.0,46.0,0.6551724137931034,0.034482758620689655,0.034482758620689655,3168.0261593341265,2123,2203,-80,16.7,59,300,0.5,0
43.17142857142857,74.08276673107324,16.0,418.0,0.0,57.0,0.3142857142857143,0.02857142857142857,0.08571428571428572,5488.256326530612,2196,2116,80,31.8,87,300,0.0,1
18.2,25.099573132397524,9.0,102.0,0.0,23.5,0.4,0.0,0.02857142857142857,629.9885714285716,2116,2196,-80,17.3,87,300,1.0,0
14.5,23.950991628740553,0.0,77.0,0.0,24.25,0.4,0.0,0.0,573.65,2700,1353,1347,32.6,19,300,1.0,1
1120.2222222222222,2960.072212999683,42.0,9488.0,4.0,100.0,0.2222222222222222,0.2222222222222222,0.0,8762027.50617284,1353,2700,-1347,26.7,19,300,0.0,0
32.08571428571429,41.0841446153563,22.0,199.0,1.5,44.5,0.45714285714285713,0.0,0.05714285714285714,1687.90693877551,2184,1844,340,30.1,144,300,1.0,1
29.257142857142856,33.94057231367191,9.0,122.0,3.0,46.5,0.34285714285714286,0.0,0.08571428571428572,1151.962448979592,1844,2184,-340,20.0,144,300,0.0,0
31.90909090909091,41.70012981330252,14.0,136.0,3.5,41.75,0.4090909090909091,0.0,0.13636363636363635,1738.9008264462814,2096,2035,61,24.2,44,900,0.0,1
14.318181818181818,24.273791260302957,0.0,68.0,0.0,14.0,0.8181818181818182,0.0,0.0,589.2169421487603,2035,2096,-61,25.3,44,900,1.0,0
39.22857142857143,46.68991063497596,23.0,216.0,4.5,60.0,0.3142857142857143,0.02857142857142857,0.02857142857142857,2179.947755102041,2104,1975,129,17.8,99,300,0.0,1
28.885714285714286,37.634916484237216,22.0,189.0,0.0,45.5,0.42857142857142855,0.0,0.02857142857142857,1416.38693877551,1975,2104,-129,23.6,99,300,1.0,0
20.142857142857142,30.86759082379618,4.0,125.0,0.0,28.5,0.5142857142857142,0.0,0.02857142857142857,952.8081632653062,2669,2861,-192,33.5,83,180,0.5,1
13.971428571428572,25.521403582411498,6.0,134.0,0.0,15.0,0.5714285714285714,0.0,0.02857142857142857,651.3420408163265,2861,2669,192,27.0,83,180,0.5,0
29.114285714285714,38.887949972468654,14.0,154.0,1.0,38.0,0.4,0.0,0.08571428571428572,1512.2726530612247,2032,1978,54,27.6,110,900,0.0,1
25.6,28.988864857291077,14.0,110.0,1.5,41.5,0.42857142857142855,0.0,0.02857142857142857,840.3542857142855,1978,2032,-54,26.5,110,900,1.0,0
21.085714285714285,35.7198395681659,14.0,206.0,0.0,23.0,0.45714285714285713,0.02857142857142857,0.0,1275.9069387755103,2178,1904,274,28.7,97,300,1.0,1
13.342857142857143,17.19791159604288,8.0,72.0,0.0,19.0,0.5428571428571428,0.0,0.0,295.7681632653061,1904,2178,-274,32.5,97,300,0.0,0
31.647058823529413,37.53577301795399,6.0,108.0,0.0,68.0,0.35294117647058826,0.0,0.058823529411764705,1408.9342560553632,1998,2049,-51,24.3,34,300,0.0,1
25.88235294117647,44.676460906942374,2.0,156.0,0.0,38.0,0.6470588235294118,0.0,0.11764705882352941,1995.9861591695503,2049,1998,51,16.5,34,300,1.0,0
70.125,131.6433985241949,18.5,472.0,0.0,44.0,0.4375,0.125,0.0625,17329.984375,2111,1904,207,21.6,33,300,0.0,1
13.529411764705882,20.31839979531396,2.0,57.0,0.0,27.0,0.5294117647058824,0.0,0.0,412.8373702422145,1904,2111,-207,20.4,33,300,1.0,0
15.685714285714285,18.79934866435754,11.0,80.0,0.0,20.5,0.5428571428571428,0.0,0.0,353.41551020408167,2801,2703,98,31.0,105,180,1.0,1
14.942857142857143,26.928416066243756,4.0,153.0,0.0,23.5,0.5714285714285714,0.0,0.02857142857142857,725.1395918367349,2703,2801,-98,26.7,105,180,0.0,0
39.470588235294116,54.31078069457278,17.0,184.0,2.0,48.0,0.29411764705882354,0.0,0.17647058823529413,2949.6608996539794,2237,2105,132,39.8,35,120,0.0,1
16.944444444444443,21.339770440872503,2.0,63.0,0.0,33.5,0.5555555555555556,0.0,0.0,455.38580246913574,2105,2237,-132,42.8,35,120,1.0,0
25.885714285714286,36.472902997447626,9.0,156.0,0.0,41.5,0.3142857142857143,0.0,0.02857142857142857,1330.2726530612242,2187,2072,115,30.2,88,300,0.0,1
18.714285714285715,29.778776170354643,6.0,146.0,2.0,19.5,0.4857142857142857,0.0,0.02857142857142857,886.7755102040815,2072,2187,-115,17.1,88,300,1.0,0
23.470588235294116,44.829241569024774,7.0,191.0,0.0,19.0,0.17647058823529413,0.0,0.058823529411764705,2009.660899653979,2264,1947,317,34.0,33,60,1.0,1
44.375,117.13340418087404,4.0,468.0,0.0,9.25,0.4375,0.0625,0.0625,13720.234375,1947,2264,-317,23.3,33,60,0.0,0
32.86206896551724,32.61660687434,26.0,127.0,8.0,52.0,0.3103448275862069,0.0,0.06896551724137931,1063.8430439952435,2120,2112,8,27.4,57,300,1.0,1
37.107142857142854,79.63772404982915,13.0,424.0,0.0,37.75,0.6071428571428571,0.03571428571428571,0.0,6342.167091836735,2112,2120,-8,17.2,57,300,0.0,0
13.714285714285714,16.626263953793845,5.0,54.0,0.0,23.5,0.34285714285714286,0.0,0.0,276.4326530612245,2823,2712,111,37.1,237,180,0.5,1
9.17142857142857,10.691747723723896,8.0,48.0,0.5,11.5,0.5428571428571428,0.0,0.0,114.31346938775512,2712,2823,-111,27.7,237,180,0.5,0
45.476190476190474,66.43193369200506,24.0,304.0,1.0,48.0,0.23809523809523808,0.047619047619047616,0.047619047619047616,4413.201814058957,2042,2131,-89,32.4,43,900,0.0,1
15.363636363636363,21.554466853121514,5.0,88.0,0.0,23.5,0.7272727272727273,0.0,0.0,464.5950413223141,2131,2042,89,156.7,43,900,1.0,0
666.5333333333333,2420.864359870022,2.0,9724.0,0.0,52.0,0.5333333333333333,0.06666666666666667,0.0,5860584.24888889,1924,2096,-172,21.2,31,300,0.0,1
2.0625,4.422509892583622,0.0,14.0,0.0,0.0,0.75,0.0,0.0,19.55859375,2096,1924,172,16.6,31,300,1.0,0
47.10344827586207,80.38714291931319,12.0,348.0,0.0,52.0,0.5517241379310345,0.06896551724137931,0.06896551724137931,6462.092746730084,2027,2052,-25,27.5,57,300,1.0,1
73.25,181.42700716423514,20.5,960.0,0.0,65.25,0.5,0.07142857142857142,0.07142857142857142,32915.75892857143,2052,2027,25,17.7,57,300,0.0,0
